0,1,2,3,4,5,6,7,8,9,10,11,12,13,14,15,16,17,18,19,20,21,22,23,24,25,26,27,28,29,30,31,32,33,34,35,36,37,38,39,40,41,42,43,44,45,46,47,48,49,50,51,52,53,54,55,56,57,58,59,60,61,62,63,64,65,66,67,68,69,70,71,72,73,74,75,76,77,78,79,80,81,82,83,84,85,86,87,88,89,90,91,92,93,94,95,96,97,98,99,100,101,102,103,104,105,106,107,108,109,110,111,112,113,114,115,116,117,118,119,120,121,122,123,124,125,126,127,128,129,130,131,132,133,134,135,136,137,138,139,140,141,142,143,144,145,146,147,148,149,150,151,152,153,154,155,156,157,158,159,160,161,162,163,164,165,166,167,168,169,170,171,172,173,174,175,176,177,178,179,180,181,182,183,184,185,186,187,188,189,190,191,192,193,194,195,196,197,198,199,200,201,202,203,204,205,206,207,208,209,210,211,212,213,214,215,216,217,218,219,220
19.9456,4.97536,3.326719999999999,3.289919999999999,3.42976,0.0,0.2208,22.38911999999999,2.09024,4.29824,9.31776,3.532799999999999,0.0,1.1776,17.3696,3.59168,22.27872,3.886079999999999,12.30592,0.0,13.8736,4.5632,3.459199999999999,9.4944,3.73888,25.2448,0.0,0.33856,24.74432,7.816320000000001,3.135359999999999,18.42208,13.7632,0.0,13.43936,29.70496,10.4512,3.15008,6.197120000000001,2.66432,0.0,0.8095999999999999,6.63872,9.0528,5.71136,12.05568,12.93152,0.0,1.22176,12.76224,18.44416,0.0,4.430719999999999,2.97344,0.0,4.474879999999999,10.70144,4.09216,0.1472,13.21856,10.33344,0.0,9.936,12.26176000000001,18.07615999999999,6.020480000000001,0.0,40.87743999999999,0.0,1.94304,14.77888,6.7712,9.214720000000002,6.035200000000001,4.025919999999999,0.0,3.569599999999999,13.42464,6.520960000000001,3.5328,5.549439999999999,7.301120000000001,0.0,0.08832,0.0,8.478720000000001,5.24032,2.82624,2.17856,0.0,0.1472,35.29855999999999,12.88,2.517119999999999,3.79776,15.77984,0.0,1.05984,2.88512,5.770239999999999,2.914559999999999,20.25472,10.72352,0.0,0.9568,6.064640000000002,6.712319999999999,2.4288,2.208,0.0,0.0,0.0,0.0,0.0,0.1472,12.82112,5.269759999999999,0.0,2.32576,10.27456,0.0,12.8064,0.0,10.18624,0.0,7.779520000000001,22.1536,5.8144,27.4528,3.34144,2.17856,0.0,1.7664,3.59168,4.35712,2.4288,5.880640000000001,2.7968,0.0,3.28256,4.5632,0.9568,1.1776,0.736,1.42784,0.0,0.0,1.85472,2.45824,8.87616,1.4352,5.152,0.0,0.736,15.27936,13.58656,7.315840000000001,2.56128,3.57696,0.0,1.50144,1.94304,6.785920000000002,1.13344,1.472,15.69152,0.0,0.0736,12.57088,1.9872,4.69568,12.76224,29.85215999999999,0.0,7.1392,4.53376,11.408,0.0,0.0,0.0,0.0,0.0,5.446400000000001,3.1648,14.1312,6.233919999999999,1.45728,0.0,2.95872,4.268800000000001,1.88416,12.15872,6.24128,2.0608,0.0,0.22816,16.04480000000001,5.012160000000001,1.14816,6.388479999999999,11.7024,0.0,1.58976,3.66528,6.0352,0.2944,2.2816,20.4608,0.0,0.0,2.988159999999999,6.44736,0.83904,8.40512,8.15488,0.0,0.2208,19.44512,3.3856,0.0,0.0
231.7296000000001,214.8568,157.3384,196.2774,273.4976,0.0,59.17439999999998,244.6832,194.7916000000001,131.3208,135.74324,227.0284,0.0092,23.575,231.2236,109.63456,166.934,103.2746,209.277,0.0,18.239,158.1756,118.9698,93.7664,139.3708,145.9304,0.0092,71.11599999999999,189.8512,167.0122,79.9526,331.7014,237.728,0.0,65.22800000000001,453.1736000000001,283.2679999999999,230.6716,163.2356,251.4727999999999,0.0,30.0288,332.6168000000001,316.3557999999999,538.2183999999999,238.9378,291.5388,0.0,68.7976,296.7551999999999,171.2672,0.276,175.8856,225.1792,0.0,34.0584,215.0776,184.46,85.37140000000001,314.3778,260.4888,0.0,87.97039999999998,377.0436000000001,354.062,391.9752,0.92,529.4416000000001,0.368,75.233,460.4415999999998,277.2880000000001,294.7495999999999,190.9690000000001,295.2601999999999,0.0,70.5502,447.1568,272.4672,200.2104,267.2968,317.0779999999999,0.0,100.832,0.0,286.1384,255.5944,109.8848,122.6682,0.0,22.862,203.4626,175.812,137.563,148.8744,216.9544,0.0,52.8632,292.0172000000001,153.3916,145.7188,157.274,267.5129999999999,0.0,81.24519999999998,218.8036,158.9759999999999,107.6952,17.02,9.1264,0.0,0.0,0.0,0.0,26.7904,77.9608,157.4764,0.0,24.65599999999999,208.7848,0.0,202.1424,1.84,319.9299999999999,0.0,150.9306,230.7544,139.4168,107.7872,107.9528,125.9112,0.0,18.7312,192.2432,102.8928,90.7304,73.28259999999999,85.59679999999999,0.0,14.8856,100.5928,90.88680000000002,43.95760000000001,52.75279999999999,60.75680000000001,0.0,18.768,82.72640000000001,70.0856,46.0322,43.539,84.47440000000002,0.0,23.9108,208.3064,184.5152,155.3328,97.5752,150.144,0.0,67.23360000000001,177.2287999999999,170.8808,151.4044,112.1296,161.6256,0.0,22.0248,215.3903999999999,200.1644000000001,168.36,136.4728,306.1392,0.0,47.39380000000001,286.6168,100.3352,8.4134,0.0,0.0,0.0,0.0,85.8728,112.6816,102.3408,104.8892,183.8896,0.0,47.55479999999999,197.1974,110.3448,107.2352,169.8872,156.8784,0.0,67.3624,160.5768,85.10459999999999,80.36659999999999,117.5208,141.6616000000001,0.0,29.12719999999999,113.7856,93.19599999999996,18.9888,137.4848,191.176,0.0,0.0,158.516,95.2246,80.47699999999998,80.08599999999998,172.224,0.0,19.3062,137.4112,95.1648,0.0,0.0
21.51696000000005,20.33568000000002,12.5304,10.67567999999999,19.68432000000001,0.0,3.3672,21.27408,20.99808000000001,13.70063999999999,10.80816,17.29968,0.0,1.22268,20.28048000000001,7.772159999999997,12.27648,10.2672,13.9656,0.0,13.434797,13.11552,7.496159999999995,6.193439999999995,6.193439999999998,15.08064,0.0,21.929116,12.77328,11.80176,4.68096,19.60152,22.14900000000001,0.0,3.68736,28.24032000000002,15.16896,25.43064000000002,8.82096,20.15904,0.0,1.5456,23.40480000000002,19.72848,34.94160000000005,13.79172,18.74592,0.0,1.50144,16.23984,9.814559999999997,0.0,15.85343999999999,29.36640000000002,0.0,1.67808,17.41008,14.352,4.80792,16.01076,17.43216,0.0,2.47296,26.39664000000003,22.36704,23.82432000000001,0.1104,44.13792000000005,0.0,9.566159999999998,41.77536000000004,22.69824000000002,35.01888,22.55472000000002,30.09780000000003,0.0,4.173120000000001,41.46624000000003,25.59072000000001,19.45248,26.83824000000002,30.86784000000001,0.0,6.833759999999998,0.0,29.17872000000003,22.37808000000001,8.7768,7.548599999999997,0.0,3.37548,18.20496000000001,18.06695999999999,13.190592,22.97424,24.32940000000002,0.0,7.727999999999999,29.09040000000003,14.71632,13.91039999999999,17.32728,32.75016000000004,0.0,8.77128,31.20639300000003,28.46848400000003,11.47056,1.104,1.3248,0.0,0.0,0.0,0.0,3.863999999999999,9.229439999999997,14.87087999999999,0.0,0.83904,24.74616000000001,0.0,14.0208,0.2208,28.53288000000002,0.0,24.11136,21.45072000000001,16.6704,10.0464,10.1016,11.61407999999999,0.0,1.7664,17.91792000000001,9.902879999999994,10.212,8.045399999999997,8.335199999999993,0.0,2.8704,11.316,7.816319999999993,4.945919999999999,3.23472,6.679199999999997,0.0,0.52992,7.606559999999997,5.906399999999998,3.30096,4.01028,6.336959999999997,0.0,2.4012,15.44496,11.65823999999999,13.20384,3.731520000000002,9.89184,0.0,4.57056,17.49840000000001,18.07248,14.42928,11.12832,16.20672,0.0,0.56304,23.74704000000002,15.55536,19.14336,10.46592,23.96784000000002,0.0,4.901759999999999,33.25248000000001,10.5984,0.597264,0.0,0.0,0.0,0.0,9.174239999999996,12.09983999999999,11.66928,10.7364,19.17648000000001,0.0,2.25216,20.82144000000002,10.11264,9.483359999999996,12.696,16.68143999999999,0.0,3.44448,17.80752000000001,9.06384,9.041759999999998,10.94064,12.4752,0.0,1.68912,13.0824,9.935999999999996,0.6624000000000001,17.24448000000001,15.80928,0.0,0.0,17.91792,6.060959999999998,5.900879999999998,10.0602,14.09808,0.0,1.12608,12.59664000000001,6.171359999999995,0.0,0.0
241.0473600000002,216.6876000000001,141.9706679999998,140.546558,197.4467019999998,0.001822,26.19791999999999,196.370302,96.60550900000004,65.380718,80.722647,113.248309,0.001838,8.826479999999998,198.3943140000002,128.7429540000001,106.867194,61.68599999999999,162.8878360000001,0.0,23.88496799999999,157.4966460000001,101.334316,78.645278,67.040394,122.69304,0.020236,40.10464399999999,116.04511,99.36183800000003,63.67871399999997,219.32791,172.7723180000001,0.0,24.60816,280.4104799999997,155.312597,155.0916860000001,91.806785,139.4683200000001,0.0,10.11816,244.57464,173.7144,297.228087,117.7986330000001,152.7199960000003,0.0,6.822720000000002,171.386743,130.651114,1.1592,155.9124000000001,138.0276,0.0,12.293034,158.0320800000001,122.632314,56.26167299999999,197.9360160000001,141.411354,0.0,16.131278,191.0508650000001,173.2194220000002,166.954244,0.79488,243.3878340000003,0.3312,24.14448,1.1592,2.115987,2.16936,11.945274,207.1767279999999,0.0,36.33994300000001,345.7875379999999,222.1358400000001,144.5429660000001,171.8615020000001,221.353826,0.0,51.930338,0.0,217.7585349999999,190.501603,67.33665299999996,68.73057399999998,0.0,10.027991,144.6386660000001,154.8102330000001,89.70548600000001,87.45702000000004,148.89457,0.0,22.63748600000001,215.0076710000002,111.3586299999999,117.780184,93.186763,159.627304,0.0,55.80719999999999,163.294467,101.29752,57.89375999999999,5.199840000000001,4.2228,0.0,0.0,0.0,0.0,22.6044,64.99799999999996,137.889606,0.0,8.06472,156.151526,0.0,107.17632,0.842705,166.1078460000001,0.0,42.36231800000002,146.3481720000001,86.04576000000002,74.91744000000001,57.31416,93.36527999999991,0.0,6.06096,96.14368400000004,63.57383999999998,56.98295999999996,45.67064199999999,67.23360000000001,0.0,11.876997,95.50151999999996,79.30584,31.94423999999998,34.776,48.63672,0.0,5.86224,59.54975999999997,56.11985299999998,35.50464,22.164268,82.40255999999997,0.0,7.120799999999999,163.84464,105.7834250000001,75.03336000000003,56.81735999999998,73.14552000000006,0.0,17.498389,122.94144,128.2572,99.77400000000004,68.97791399999996,114.94296,0.0,3.0636,137.14992,110.2068,106.69608,68.27687999999998,101.0491200000001,0.0,2.3184,37.195748,74.52000000000001,16.848144,0.0,0.0,0.0,0.0,76.63967999999998,81.34272,102.87072,91.76078099999997,138.6403200000001,0.0,18.26932300000001,145.3636800000001,91.69271999999998,66.25656,83.79360000000003,96.94223999999996,0.0,14.447673,113.7672000000001,42.21144000000002,51.68376000000001,74.75184000000002,142.8631200000001,0.0,11.0124,99.06192000000004,69.98256,18.0504,98.97911999999998,141.5383200000001,0.0,0.0,141.1243200000001,57.49631999999999,48.480327,66.48836699999998,95.02128000000006,0.0,6.408720000000002,83.56175999999999,61.20575999999997,0.0,0.0
236.1897599999999,188.3313599999999,134.44512,120.557716,186.9182400000001,0.0,15.66576,190.3627199999999,172.5331199999999,149.29392,99.76479299999995,185.7709959999998,0.0,16.644633,178.2297599999999,78.83664000000002,86.17823999999999,78.85872,168.40416,0.0,27.78768000000001,176.4412799999999,93.10031999999995,72.88608,69.65136000000003,141.84192,0.0,25.55023600000001,122.268,96.42335999999996,79.854153,238.5385639999998,194.9572039999999,0.0,16.53792,280.3497600000002,196.1311309999999,106.9996799999999,103.1688,156.86736,0.0,13.03824,216.9139200000001,184.9972799999999,312.86256,164.163872,171.1199999999999,0.0,28.65616400000001,170.328763,127.63344,0.552,137.30448,113.086396,0.0,9.28464,150.5994,95.40767999999991,68.071679,154.8139199999998,156.07248,0.0,54.85959299999999,210.4775999999999,195.599323,193.0123199999999,2.208,251.0293530000001,0.0552,50.486836,261.9221559999999,170.5128000000001,132.100964,107.94551,203.3375460000001,0.0,17.54808,254.8069539999999,161.647669,102.187123,135.3945599999999,178.456996,0.0,66.54912000000003,0.0,175.870876,192.056378,59.10264000000001,106.569221,0.0,15.084305,133.24908,137.08092,165.3073969999998,82.362099,153.063142,0.0,38.11833799999999,214.8163199999998,120.50712,98.99940100000006,135.287848,193.777756,0.0,47.88226800000002,190.282647,112.552812,100.515524,9.045403,5.5752,0.0,0.0,0.0,0.0,21.0312,69.73967999999998,124.88448,0.0,6.2376,167.52096,0.0,128.435672,1.104,167.3176360000001,0.0,82.28111999999997,143.9064,132.3475200000001,63.48640299999999,67.73040000000002,93.15552000000004,0.0,6.97728,92.49404699999998,61.93440000000005,54.83568000000002,38.96292,55.81824,0.0,5.840159999999998,109.03104,79.80816000000002,33.15312000000002,28.84752,47.3616,0.0,4.90176,61.02912000000006,65.77632000000004,42.44880000000001,34.92412400000001,64.20864000000003,0.0,6.27072,137.01744,108.60048,69.69551999999999,49.42608000000003,73.99927600000005,0.0,13.476153,111.54816,122.91936,82.88832000000008,67.759844,120.08208,0.0,7.650720000000001,155.69712,112.37616,98.76384,85.86912,151.9104,0.0,19.9272,180.8830689999998,58.53408,7.429919999999998,0.0,0.0,0.0,0.0,52.85952000000003,63.30335999999998,64.68336000000002,61.35204000000004,95.90447999999996,0.0,11.736403,157.3383259999999,75.738993,55.29935999999999,78.72623999999999,78.52199999999998,0.0,10.58184,95.51808000000004,45.04320000000004,57.58464000000003,70.12608000000004,84.64368000000003,0.0,7.573440000000001,97.33780299999992,61.64736000000002,72.75359999999999,74.0232,166.3507199999999,0.0,0.0,119.40864,59.20752,66.883996,64.45152000000003,93.69648000000004,0.0,5.32128,74.14463999999998,171.995804,0.0,0.0
94.41408000000004,79.56527999999999,46.74336000000004,44.66784,70.18128000000002,0.0,8.78784,79.47695999999996,69.66239999999996,39.52320000000002,38.49648000000001,51.17040000000002,0.0,8.23584,87.27119999999992,34.69872000000002,30.87888000000002,38.62896000000001,67.57584000000003,0.0,8.463925999999999,77.90927999999998,47.31744000000007,32.07120000000002,33.52848000000002,55.29936000000004,0.0,7.698555999999999,62.43120000000005,41.91888,26.14272000000001,90.41759999999994,81.25439999999998,0.0,6.263356000000001,107.1431999999998,61.17264000000003,38.29776000000003,46.20240000000005,64.14240000000001,0.0,3.56592,100.4639999999999,71.95871999999993,121.1087999999998,56.97744000000002,62.32080000000001,0.0,0.8832,61.04016000000004,42.58128000000004,0.35328,61.69152000000005,45.33024000000001,0.0,4.49328,59.91408000000004,31.76208000000002,19.890326,82.93247999999998,44.16000000000003,0.0,3.49968,86.90688,59.78160000000004,60.91872000000004,2.208,95.55119999999988,0.0,14.94815999999999,93.8841599999999,58.04832000000001,54.8688,42.4488,49.56960000000006,0.0,7.772159999999997,88.35311999999989,45.37439999999999,45.58600400000002,50.47488000000001,57.68400000000001,0.0,22.14623999999999,0.0,81.07776000000004,54.99024000000008,20.96496,31.70734400000002,0.0,3.941279999999999,40.57752000000001,47.37264,36.67488000000001,37.03920000000004,55.89552000000001,0.0,11.28288,78.62687999999997,42.22800000000002,32.66736,39.01536000000002,56.13334400000002,0.0,12.140313,66.86558200000003,42.62176400000002,43.81224000000001,2.41776,1.44624,0.0,0.0,0.0,0.0,10.8192,23.86848000000001,47.88048000000003,0.0,1.67808,62.32080000000007,0.0,23.06256000000001,0.0,79.63151999999997,0.0,46.92000000000002,74.07839999999997,28.56048000000003,23.93472000000002,29.33328000000002,30.65808000000002,0.0,2.34048,37.26000000000004,23.57040000000002,23.04048000000001,14.8488,22.23456,0.0,1.24752,33.44016000000001,37.35936000000002,15.4008,16.008,17.52048,0.0,3.311999999999999,40.36224000000002,29.20080000000002,14.31888,21.06432000000001,26.55120000000001,0.0,2.925599999999999,53.46672,46.76544000000002,31.96080000000002,22.93008,26.46288000000003,0.0,7.761119999999999,48.18960000000001,61.55904000000005,32.31408000000002,34.48896000000001,42.76896000000004,0.0,2.39568,56.28054000000004,55.28832000000002,39.29136000000003,28.57152000000002,69.1104,0.0,7.739039999999998,55.95439600000007,23.76912,2.683636,0.0,0.0,0.0,0.0,27.19152000000001,30.1944,30.24960000000002,20.976,36.71904000000004,0.0,5.663519999999999,54.87984000000002,36.33264000000002,23.44896000000001,27.34608000000001,27.95328000000001,0.0,2.605440000000001,46.02576000000003,24.44256000000001,19.91615999999999,31.48608000000003,26.07648000000002,0.0,2.03136,46.82064000000002,25.67904000000001,15.3456,27.02592000000002,57.14304000000002,0.0,0.0,42.06240000000004,27.09216,27.90912000000001,25.77840000000002,40.50576000000003,0.0,1.20336,31.98288000000003,26.33040000000001,0.0,0.0
12.79536,5.542079999999997,3.2016,5.3544,6.127199999999999,0.0,1.25856,5.4648,7.098719999999997,5.045279999999999,2.19696,3.79776,0.0,0.57408,14.77152,2.34048,2.94768,1.1592,5.818080000000001,0.0,0.06624,5.001119999999999,5.44272,3.731520000000001,3.16848,2.980799999999999,0.0,0.276,4.868640000000001,5.762879999999998,1.4352,8.73264,5.012159999999999,0.0,0.0552,8.489759999999997,5.12256,3.069119999999999,2.815199999999999,1.8216,0.0,0.0,8.3904,3.37824,7.153919999999997,4.636799999999999,1.53456,0.0,0.1104,3.57696,3.00288,0.0,5.6856,3.23472,0.0,0.8611200000000001,5.784959999999996,5.22192,2.63856,2.49504,3.27888,0.0,0.0552,6.623999999999996,9.174239999999998,1.92096,0.1104,5.243999999999999,0.0,0.1104,5.696639999999998,0.23184,1.70016,1.41312,2.72688,0.0,0.0,3.01392,1.96512,1.656,1.4904,2.4288,0.0,0.6624000000000001,0.0,4.537439999999999,1.99824,2.8152,1.9872,0.0,0.0,3.168480000000001,4.416,1.4904,5.542079999999999,5.288159999999998,0.0,0.41952,4.868639999999998,5.61936,0.7728,2.02032,1.9872,0.0,0.0,2.0976,1.79952,3.036,0.0,0.0,0.0,0.0,0.0,0.0,0.9384,0.7176,3.46656,0.0,0.2208,11.27184,0.0,0.96048,0.0,4.71408,0.0,0.8832000000000003,7.816319999999997,8.246879999999999,4.97904,1.7664,2.47296,0.0,0.0,3.85296,0.7728,3.886080000000001,0.3312,1.75536,0.0,0.0,1.17024,2.461920000000001,3.43344,0.6072000000000001,0.9936,0.0,0.0,2.63856,1.4352,0.65136,0.7065600000000001,1.47936,0.0,0.1104,3.4224,1.3248,4.261439999999999,1.77744,1.8216,0.0,0.4968000000000001,3.40032,5.111519999999998,2.50608,1.6008,1.5456,0.0,0.0,4.360799999999999,2.8704,1.45728,1.51248,3.27888,0.0,0.07728,5.133599999999999,2.07552,0.1104,0.0,0.0,0.0,0.0,4.250400000000001,3.02496,2.55024,2.00928,2.7048,0.0,0.1104,5.652479999999996,5.354399999999997,1.25856,0.6955200000000001,1.90992,0.0,0.1104,2.43984,3.77568,2.45088,4.0848,2.32944,0.0,0.07728,7.440960000000001,1.9872,0.0,3.66528,8.555999999999997,0.0,0.0,3.02496,1.656,2.561279999999999,3.058079999999999,3.48864,0.0,0.0,5.111519999999999,5.155679999999998,0.0,0.0
1.104,1.7664,3.069119999999999,0.6449239999999999,0.6955200000000001,0.0,0.3864,0.7948800000000001,0.9384,1.67808,0.7728,0.70656,0.0,0.0432329999999999,2.1528,0.1104,0.0552,4.7472,1.77744,0.0,0.0,5.354399999999999,1.81056,2.208,0.4416,1.5456,0.0,0.276,5.310239999999999,3.312,0.6624,5.353472999999999,1.607236000000001,0.0,1.3248,3.731520000000001,3.2016,5.4648,1.104,3.12432,0.0,4.5264,3.08016,0.3312,2.6496,0.567633,3.920116,0.0,0.03312,0.4857599999999999,1.4352,0.0,0.56304,2.208,0.0,0.0,0.7948800000000001,0.0,0.0,0.558436,0.2208,0.0,0.04416,2.28528,0.19872,1.4352,0.0,2.21904,0.0,0.0,3.0912,0.552,0.552,3.323039999999999,0.2980800000000001,0.0,0.003676,1.00464,5.6304,3.0912,0.15456,0.06624,0.0,0.14352,0.0,1.6008,1.0488,0.0,0.68172,0.0,0.0552,0.0,0.25392,8.004,0.1104,1.1592,0.0,0.1104,6.5688,0.7470330000000001,0.3864,1.2144,0.0,0.0,0.0,2.08656,0.0,1.4352,0.0,0.0,0.0,0.0,0.0,0.0,0.0,0.1656,2.0424,0.0,0.0552,1.1592,0.0,1.104,0.0,0.8307599999999998,0.0,1.3248,1.3248,0.3864,2.4288,0.02208,1.104,0.0,0.12144,1.66704,0.17664,0.0552,1.51248,3.2568,0.0,0.0,1.9872,2.05344,0.1104,0.20976,3.3672,0.0,0.0,0.3864,1.4352,0.1104,0.062564,0.78384,0.0,0.1104,4.1952,0.15456,0.56304,0.3312,1.31376,0.0,1.96512,1.4352,0.0552,0.276,0.24564,3.7536,0.0,0.0,1.0488,0.6844800000000001,0.7727999999999999,0.2208,0.57408,0.0,2.0976,1.5456,1.4904,0.0,0.0,0.0,0.0,0.0,0.6072000000000001,1.2144,1.656,3.82536,1.39104,0.0,0.338597,1.7664,1.75536,3.73152,0.26496,0.9936,0.0,0.23184,0.276,0.062597,0.3312,2.63856,1.17024,0.0,0.0,2.4288,1.2144,0.0,0.0,1.77744,0.0,0.0,0.3312,0.0552,0.056116,0.307243,5.25504,0.0,0.08832,0.3312,0.3312,0.0,0.0
6.333600000000001,2.912,3.458,4.295199999999999,3.822,0.0,2.457,4.732,3.822,4.6774,3.4216,2.821,0.0,0.455,5.4782,2.275,4.55,5.46,3.7492,0.0,0.182,4.950399999999999,4.368,1.001,2.184,3.003,0.0,1.547,5.1324,5.733,3.8584,16.2526,4.3862,0.0,6.1334,8.9908,5.46,2.8574,5.114199999999999,8.827,0.0,3.276,12.8128,9.1182,2.4934,3.9494,4.004,0.0,0.728,5.46,5.3144,0.0,7.589399999999999,8.372,0.0,2.366,4.186,4.095,2.366,13.2314,14.2324,0.0,5.642,15.4518,12.7218,14.8694,0.0,8.4084,0.0,2.3842,24.479,16.5438,12.5216,9.263800000000002,11.375,0.0,3.367,20.0564,17.6904,24.388,17.3264,27.3,0.0,7.735,0.0,29.4294,9.6096,13.013,5.005,0.0,0.273,16.562,12.8856,10.8836,9.3184,20.1656,0.0,2.366,18.109,11.3204,3.4398,5.9514,15.925,0.0,8.19,18.1454,7.826,8.554,0.455,1.456,0.0,0.0,0.0,0.0,4.004,4.004,6.461,0.0,0.1092,12.3578,0.0,5.005,0.0,8.19,0.0,5.1688,15.47,18.5276,6.643,6.37,12.4306,0.0,1.82,15.197,4.277,3.4034,5.46,6.5156,0.0,1.274,5.005,3.8766,2.5116,2.438800000000001,4.7138,0.0,0.364,5.8422,2.821,1.9292,0.2366,3.003,0.0,0.546,8.0626,3.4944,1.547,2.548,5.059600000000001,0.0,0.091,6.279,9.828,3.3852,3.9494,5.187,0.0,4.986800000000001,13.468,8.1172,9.0272,5.6602,15.4882,0.0,3.1122,16.3982,6.0788,0.182,0.0,0.0,0.0,0.0,1.729,6.097,6.734,4.3134,15.561,0.0,3.8402,6.643,8.4994,3.822,0.455,4.295199999999999,0.0,2.3114,7.007,3.3124,3.185,4.0222,7.589399999999999,0.0,0.546,5.059600000000001,4.095,7.462,7.9716,15.743,0.0,0.0,9.828,5.023200000000001,4.258799999999999,2.639,9.846200000000003,0.0,3.003,7.917,6.461,0.0,0.0
9.385739999999998,6.224399999999998,4.5045,7.174440000000001,6.126120000000002,0.0,2.7846,6.3882,5.896800000000001,1.5561,3.94758,5.12694,0.0,0.1638,9.51678,3.276,3.767399999999999,3.0303,8.583120000000001,0.0,0.1638,10.61424,4.40622,0.2457,4.7502,8.173620000000001,0.0,0.3276,10.35216,8.33742,6.437339999999999,24.71741999999999,12.05568,0.0,1.8018,22.65353999999999,6.94512,4.832100000000001,12.6126,13.66092,0.0,2.162160000000001,16.15068,16.96968,8.190000000000001,6.633900000000001,8.681399999999998,0.0,0.7370999999999999,12.1212,7.567560000000001,0.0,6.306299999999999,14.2506,0.0,1.638,12.17034,8.648639999999999,5.66748,28.77966,18.09989999999999,0.0,1.3104,18.01799999999999,24.35706,13.3497,0.0,25.389,0.0,4.668300000000001,0.2457,0.0,0.95004,1.638,35.82306,0.0,5.798520000000001,43.22681999999998,29.05812,22.47336,22.22765999999999,35.56098000000001,0.0,7.125300000000001,0.0,37.03518000000002,22.52249999999999,17.83782,11.72808,0.0,0.0,26.76492,18.1818,19.5741,13.7592,22.03109999999999,0.0,1.8837,31.77719999999999,21.39227999999999,12.95658,15.29892,27.027,0.0,4.504500000000001,16.67484,10.63062,15.8067,0.62244,1.35954,0.0,0.0,0.0,0.0,4.7502,13.77558,26.01144,0.0,1.21212,23.06304,0.0,13.74282,0.45864,11.58066,0.0,7.50204,25.04502000000001,21.75264,12.49794,9.3366,17.80505999999999,0.0,0.7371,25.61832,7.60032,8.353800000000001,7.30548,12.13758,0.0,1.45782,16.36361999999999,10.8108,2.8665,4.73382,10.49958,0.0,0.5732999999999999,15.24978,6.7977,5.22522,3.0303,11.40048,0.0,0.0819,12.39966,10.20474,4.340700000000001,5.27436,8.190000000000001,0.0,0.39312,12.2031,14.70924,6.7158,6.19164,6.552000000000001,0.0,0.819,25.60194,18.018,17.34641999999999,10.92546,20.04911999999999,0.0,1.8837,11.53152,14.18508,3.94758,0.0,0.0,0.0,0.0,3.0303,14.2506,15.8886,17.2809,28.89432,0.0,5.405399999999999,19.90169999999999,15.59376,10.30302,2.6208,13.923,0.0,1.60524,8.959859999999999,4.5864,3.0303,11.53152,26.89596,0.0,1.638,22.6044,11.51514,4.4226,19.85255999999999,38.85336000000002,0.0,0.0,18.88614,10.27026,7.91154,6.6339,11.82636,0.0,1.638,13.05486,8.45208,0.0,0.0
19.97268,13.94484,10.90908,13.65,12.14304,0.0,5.7876,11.81544,15.1788,8.867040000000001,9.59868,13.104,0.0,1.95468,23.751,8.6268,5.82036,13.23504000000001,20.51868,0.0,0.1638,28.43568,15.64836,3.37428,12.67812,20.39856,0.0,1.9656,18.14904,27.16896000000001,14.29428,61.45776000000001,40.31663999999998,0.0,5.733,48.70320000000002,21.294,18.73872,29.98632,27.75864,0.0,4.859400000000001,48.80148000000001,38.38379999999999,17.15532,17.95248,20.92272,0.0,1.092,29.72424000000001,13.85748,0.0,15.05868,20.1474,0.0,2.05296,28.1736,14.32704,14.77476,30.43403999999999,35.89404,0.0,1.638,36.31992,35.35896,27.36552,0.0,65.50908000000001,0.0,5.3508,76.90955999999997,41.71439999999998,36.309,22.01472,35.14056000000001,0.0,5.91864,61.52327999999998,37.90332,24.75564,21.62159999999999,61.85087999999999,0.0,8.408400000000002,0.0,66.25163999999998,25.74936000000001,24.04583999999999,14.5236,0.0,0.9828,39.66143999999998,24.07859999999999,30.12828,15.93228,42.53339999999999,0.0,6.7158,61.97099999999995,26.92872,17.99616,22.64808,51.46596000000001,0.0,3.3852,45.29615999999999,33.53531999999999,21.05376,2.457,3.24324,0.0,0.0,0.0,0.0,9.271079999999998,27.99888,39.06083999999999,0.0,0.7644,38.53668,0.0,20.61696,0.7644,26.60112000000001,0.0,15.26616,42.21672000000001,35.19516,13.35516,12.04476,24.71196000000001,0.0,0.9282,28.4466,15.6156,17.70132,11.49876,21.05375999999999,0.0,4.26972,24.32976000000001,19.06632,10.40676,9.838920000000002,12.09936,0.0,2.19492,27.93336,11.91372,13.77012,8.03712,13.68276,0.0,2.2386,23.61996000000001,19.42668,9.94812,8.484839999999998,12.95112,0.0,6.6066,22.8228,27.52932,19.03356,14.26152,11.12748,0.0,1.4196,45.045,34.15775999999999,34.56179999999999,26.39364,56.19431999999996,0.0,5.274360000000001,46.69392000000001,24.40620000000001,2.8392,0.0,0.0,0.0,0.0,6.879599999999998,25.45452,27.60576000000001,22.4406,36.48372,0.0,3.37428,46.8468,25.7712,11.91372,6.1698,25.44360000000001,0.0,1.08108,28.78512000000001,11.91372,9.87168,22.51703999999999,28.08624,0.0,2.0202,47.99339999999999,18.88068000000001,15.74664,37.56480000000001,83.27591999999997,0.0,0.0,43.23227999999997,19.85256,21.70896,13.71552,22.49520000000001,0.0,1.9656,28.87248,14.742,0.0,0.0
14.73108,6.104279999999999,7.305479999999998,8.52852,9.29292,0.0,7.9716,5.97324,9.0636,6.4428,5.75484,10.58148,0.0,0.86268,17.01336,5.492760000000001,3.276,7.3164,11.77176,0.0,0.0,13.85748,8.22276,1.12476,6.9888,12.5034,0.0,2.2932,11.10564,11.97924,7.796879999999998,37.11708,20.95548,0.0,3.9312,22.26588000000001,12.7764,9.62052,9.642359999999998,14.66556,0.0,1.10292,29.22192000000001,22.01472,11.06196,8.102640000000001,10.67976,0.0,0.9828,11.77176,14.06496,0.0,10.647,12.07752,0.0,1.3104,18.28008,7.458359999999998,7.709519999999999,24.62459999999999,15.70296,0.0,1.76904,25.44360000000001,21.35952,19.5468,0.0,31.31856000000002,0.0,3.23232,44.90303999999998,23.24868,15.7794,8.91072,16.04148,0.0,1.72536,33.01116000000001,21.21756000000001,12.92928,9.871679999999996,26.78676,0.0,6.0606,0.0,35.31528000000002,9.489480000000002,9.423959999999996,9.45672,0.0,0.2184,24.69011999999999,13.65,13.73736,9.085439999999998,22.52796,0.0,2.2386,25.47636000000001,16.15068,12.1212,13.58448,20.34396,0.0,1.911,22.58256,14.54544,7.906079999999999,2.46792,1.3104,0.0,0.0,0.0,0.0,3.4398,11.14932,25.97868,0.0,0.2184,21.82907999999999,0.0,6.562919999999999,0.3276,15.09144,0.0,6.617519999999999,26.40456,17.84328,7.36008,8.080800000000002,12.69996,0.0,0.42588,18.64044,9.62052,8.397480000000002,5.885879999999998,14.81844,0.0,0.58968,17.42832,8.441159999999998,6.672119999999999,4.903080000000001,14.40348,0.0,1.70352,17.23176,14.31612,6.508319999999999,6.595679999999999,9.70788,0.0,0.4149600000000001,15.20064,15.15696,11.20392,8.288279999999999,9.009,0.0,3.549,16.79496,19.44852000000001,10.2102,13.79196,7.207199999999999,0.0,2.0202,25.84764,21.98196000000001,17.94156000000001,17.19900000000001,39.48672,0.0,1.9656,25.82580000000001,9.57684,1.6926,0.0,0.0,0.0,0.0,4.062239999999999,13.59540000000001,13.83564000000001,11.28036,28.55579999999999,0.0,2.0748,24.16595999999999,16.59840000000001,8.49576,2.664480000000001,13.16952,0.0,0.44772,15.46272,5.612880000000001,6.09336,14.2506,14.38164,0.0,0.546,25.9896,10.7562,11.5752,15.24432,45.09959999999999,0.0,0.0,23.751,10.41768,12.04476000000001,4.5318,14.76384000000001,0.0,0.6006,18.20364000000001,5.132400000000001,0.0,0.0
13.65,12.285,7.152600000000001,9.664200000000005,17.81052,0.0,7.098,19.63416,38.48208000000001,1.9656,4.728359999999999,11.64072,0.0,1.092,23.21592,4.9686,1.10292,15.3426,6.9888,0.0,0.273,12.90744,18.25824,17.84328,6.51924,18.4002,0.0,2.184,23.76192,29.1018,12.38328,131.21472,23.92572,0.0,4.914,22.54979999999999,4.97952,3.57084,7.57848,12.6672,0.0,0.6006,27.44196000000001,11.42232,21.567,3.6582,7.698600000000001,0.0,0.0,1.638,0.9828,0.0,2.39148,3.84384,0.0,1.092,25.56372,2.8938,0.69888,29.9208,8.583120000000001,0.0,0.0,12.8856,6.4974,3.1122,0.0,54.07584,0.0,2.2932,21.84000000000001,20.1474,9.9918,0.4368,7.8624,0.0,0.3276,22.84464,28.119,4.368,8.05896,19.95084,0.0,0.69888,0.0,9.36936,5.689320000000001,1.4742,10.647,0.0,0.0,14.469,2.8938,3.276,4.914,1.9656,0.0,0.41496,6.15888,9.6642,3.822,7.207200000000002,0.66612,0.0,0.1092,14.5236,0.90636,4.1496,0.01092,0.0,0.0,0.0,0.0,0.0,2.73,42.315,27.34368,0.0,0.0,5.23068,0.0,1.9656,0.0,48.96528,0.0,41.25576000000001,33.38244,11.92464,14.3052,3.24324,12.31776,0.0,0.0,7.709519999999999,1.00464,0.9828,7.327319999999999,2.184,0.0,0.0,1.71444,2.0748,3.88752,0.273,1.7472,0.0,0.819,0.7098,0.9828,6.01692,0.4368,0.4914,0.0,0.1092,3.45072,0.88452,0.6552,3.88752,11.0292,0.0,7.4802,3.07944,4.7502,5.001360000000001,10.0464,2.32596,0.0,0.0,22.8228,11.44416,3.9858,12.63444,15.16788,0.0,0.3276,11.76084,8.5176,0.546,0.0,0.0,0.0,0.0,0.0,4.968599999999999,8.17908,22.1676,7.349159999999999,0.0,0.0,17.27544,8.70324,17.71224,1.8564,8.026200000000001,0.0,0.0546,4.26972,1.50696,0.3822,35.5992,11.2476,0.0,0.0,14.45808,4.2042,6.552,62.99748,47.9388,0.0,0.0,11.78268,1.3104,0.34944,0.69888,26.481,0.0,0.0,4.16052,7.043399999999999,0.0,0.0
0.0,0.0,0.0,0.0,0.0,0.0,0.0,0.0,0.0,0.0,0.0,0.0,0.0,0.0,0.0,0.0,0.0,0.0,0.0,0.0,0.0,0.0,0.0,0.0,0.0,0.0,0.0,0.0,0.0,0.0,0.075,0.0,0.0,0.0,0.0,0.0,0.0,0.0,0.0,0.0,0.0,0.0,0.0,0.0,0.0,0.0,0.0,0.0,0.0,0.0,0.0,0.0,0.0,0.0,0.0,0.0,0.0,0.0,0.0,0.0,0.0,0.0,0.0,0.0,0.0,0.0,0.0,0.0,0.0,0.0,0.0,0.0,0.0,0.0,0.0,0.0,0.0,0.0,0.0,0.0,0.0,0.0,0.0,0.0,0.0,0.0,0.0,0.0,0.0,0.0,0.0,0.0,0.0,0.0,0.0,0.0,0.0,0.0,0.0,0.0,0.0,0.0,0.0,0.0,0.0,0.0,0.0,0.0,0.0,0.0,0.0,0.0,0.0,0.0,0.0,0.0,0.0,0.0,0.0,0.0,0.0,0.0,0.0,0.0,0.0,0.0,0.0,0.0,0.0,0.0,0.0,0.0,0.0,0.0,0.0,0.0,0.0,0.0,0.0,0.0,0.0,0.0,0.0,0.0,0.0,0.0,0.0,0.0,0.0,0.0,0.0,0.0,0.0,0.0,0.0,0.0,0.0,0.0,0.0,0.0,0.0,0.0,0.0,0.0,0.0,0.0,0.0,0.0,0.0,0.0,0.0,0.0,0.0,0.0,0.0,0.0,0.0,0.0,0.0,0.0,0.0,0.0,0.0,0.0,0.0,0.0,0.0,0.0,0.0,0.0,0.0,0.0,0.0,0.0,0.0,0.0,0.0,0.0,0.0,0.0,0.0,0.0,0.0,0.0,0.0,0.0,0.0,0.0,0.0,0.0,0.0,0.0,0.0,0.0,0.0,0.0,0.0,0.0,0.0,0.0,0.0
0.0,0.0,0.0,0.0,0.0,0.0,0.0,0.0,0.0,0.0,0.0,0.0,0.0,0.0,0.0,0.0,0.0,0.0,0.0,0.0,0.0,0.0,0.0,0.0,0.0,0.0,0.0,0.0,0.0,0.0,0.0,0.0,0.0,0.0,0.0,0.0,0.0,0.0,0.0,0.0,0.0,0.0,0.0,0.0,0.0,0.0,0.0,0.0,0.0,0.0,0.0,0.0,0.0,0.0,0.0,0.0,0.0,0.0,0.0,0.0,0.0,0.0,0.0,0.0,0.0,0.0,0.0,0.0,0.0,0.0,0.0,0.0,0.0,0.0,0.0,0.0,0.0,0.0,0.0184,0.0,0.0,0.0,0.0,0.0,0.0,0.0,0.0,0.0,0.092,0.0,0.0,0.0,0.0,0.0,0.0,0.0,0.0,0.0,0.0,0.0,0.0,0.0,0.0,0.0,0.0,0.0,0.0,0.0,0.0,0.0,0.0,0.0,0.0,0.0,0.0,0.0,0.0,0.0,0.0,0.0,0.0,0.0,0.0,0.0,0.0,0.0,0.0,0.0,0.0,0.0,0.0,0.0,0.0,0.0,0.0,0.0,0.0,0.0,0.0,0.0,0.0,0.0,0.0,0.0,0.0,0.0,0.0,0.0,0.0,0.0,0.0,0.0,0.0,0.0,0.0,0.0,0.0,0.0,0.0,0.0,0.0,0.0,0.0,0.0,0.0,0.0,0.0,0.0,0.0,0.0,0.0,0.0,0.0,0.0,0.0,0.0,0.0,0.0,0.0,0.0,0.0,0.0,0.0,0.0,0.0,0.0,0.0,0.0,0.0,0.0,0.0,0.0,0.0,0.0,0.0,0.0,0.0,0.0,0.0,0.0,0.0,0.0,0.0,0.0,0.0,0.0,0.0,0.0,0.0,0.0,0.0,0.0,0.0,0.0,0.0,0.0,0.0,0.0,0.0,0.0,0.0
0.0,0.0,0.0,0.0,0.0,0.0,0.0,0.0,0.0,0.0,0.0,0.0,0.0,0.0,0.0,0.0,0.2484,0.0,0.0,0.0,0.0,0.0,0.0,0.0,0.0,0.0,0.0,0.0,0.0,0.0,0.0,0.0,0.0,0.0,0.0,0.0,0.0,0.0,0.0,0.0,0.0,0.0,0.0,0.0,0.0,0.0,0.0,0.0,0.0,0.0,0.0,0.0,0.0828,0.0,0.0,0.0,0.0,0.0,0.0,0.0,0.0,0.0,0.0,0.0,0.0,0.0,0.0,0.0,0.0,0.0,0.0,0.0,0.0,0.0,0.0,0.0,0.0,0.23184,0.01656,0.0,0.0,0.0,0.0,0.0,0.0,0.0,0.0,0.0,0.0828,0.0,0.0,0.0,0.0,0.0,0.0,0.0,0.0,0.0,0.0,0.0,0.0,0.0,0.0,0.0,0.0,0.0,0.0,0.0,0.0,0.0,0.0,0.0,0.0,0.0,0.0,0.0,0.0,0.0,0.0,0.0,0.0,0.0,0.0,0.0,0.0,0.0,0.0,0.0,0.0,0.0,0.0,0.0,0.0,0.0,0.0,0.0,0.0,0.0,0.0,0.0,0.0,0.0,0.0,0.0,0.0,0.0,0.0,0.0,0.0,0.0,0.0,0.0,0.0,0.0,0.0,0.0,0.0,0.0,0.0,0.0,0.0,0.0,0.0,0.0,0.0,0.0,0.0,0.0,0.0,0.0,0.0,0.0,0.0,0.0,0.0,0.0,0.0,0.0,0.0,0.0,0.0,0.0,0.0,0.0,0.0,0.0,0.0,0.0,0.0,0.0,0.0,0.0,0.0,0.0,0.0,0.0,0.0,0.0,0.0,0.0,0.0,0.0,0.0,0.0,0.0,0.0,0.0,0.0,0.0,0.0,0.0,0.0,0.0,0.0,0.0,0.0,0.0,0.0,0.0,0.0,0.0
0.0,0.0,0.0,0.0,0.0,0.0,0.0,0.0,0.0,0.0,0.0,0.0,0.0,0.0,0.0,0.0,0.0,0.0,0.0,0.0,0.0,0.0,0.0,0.0,0.0,0.0,0.0,0.0,0.0,0.0,0.0,0.0,0.0,0.0,0.0,0.0,0.0,0.0,0.0,0.0,0.0,0.0,0.0,0.0,0.0,0.0,0.0,0.0,0.0,0.0,0.0,0.0,0.07728,0.0,0.0,0.0,0.0,0.0,0.0,0.0,0.0,0.0,0.0,0.0,0.0,0.0,0.0,0.0,0.0,0.0,0.0,0.0,0.0,0.0,0.0,0.0,0.0,0.2208,0.03312,0.0,0.0,0.0,0.0,0.0,0.0,0.0,0.0,0.0,0.0552,0.0,0.0,0.0,0.0,0.0,0.0,0.0,0.0,0.0,0.0,0.0,0.0,0.0,0.0,0.0,0.0,0.0,0.0,0.0,0.0,0.0,0.0,0.0,0.0,0.0,0.0,0.0,0.0,0.0,0.0,0.0,0.0,0.0,0.0,0.0,0.0,0.0,0.0,0.0,0.0,0.0,0.0,0.0,0.0,0.0,0.0,0.0,0.0,0.0,0.0,0.0,0.0,0.0,0.0,0.0,0.0,0.0,0.0,0.0,0.0,0.0,0.0,0.0,0.0,0.0,0.0,0.0,0.0,0.0,0.0,0.0,0.0,0.0,0.0,0.0,0.0,0.0,0.0,0.0,0.0,0.0,0.0,0.0,0.0,0.0,0.0,0.0,0.0,0.0,0.0,0.0,0.0,0.0,0.0,0.0,0.0,0.0,0.0,0.0,0.0,0.0,0.0,0.0,0.0,0.0,0.0,0.0,0.0,0.0,0.0,0.0,0.0,0.0,0.0,0.0,0.0,0.0,0.0,0.0,0.0,0.0,0.0,0.0,0.0,0.0,0.0,0.0,0.0,0.0,0.0,0.0,0.0
0.0,0.0,0.0,0.0,0.0,0.0,0.0,0.0,0.0,0.0,0.0,0.0,0.0,0.0,0.0,0.0,0.0,0.0,0.0,0.0,0.0,0.0,0.0,0.0,0.0,0.0,0.0,0.0,0.0,0.0,0.0,0.0,0.0,0.0,0.0,0.0,0.0,0.0,0.0,0.0,0.0,0.0,0.0,0.0,0.0,0.0,0.0,0.0,0.0,0.0,0.0,0.0,0.0,0.0,0.0,0.0,0.0,0.0,0.0,0.0,0.0,0.0,0.0,0.0,0.0,0.0,0.0,0.0,0.0,0.0,0.0,0.0,0.0,0.0,0.0,0.0,0.0,0.0,0.01104,0.0,0.0,0.0,0.0,0.0,0.0,0.0,0.0,0.0,0.0,0.0,0.0,0.0,0.0,0.0,0.0,0.0,0.0,0.0,0.0,0.0,0.0,0.0,0.0,0.0,0.0,0.0,0.0,0.0,0.0,0.0,0.0,0.0,0.0,0.0,0.0,0.0,0.0,0.0,0.0,0.0,0.0,0.0,0.0,0.0,0.0,0.0,0.0,0.0,0.0,0.0,0.0,0.0,0.0,0.0,0.0,0.0,0.0,0.0,0.0,0.0,0.0,0.0,0.0,0.0,0.0,0.0,0.0,0.0,0.0,0.0,0.0,0.0,0.0,0.0,0.0,0.0,0.0,0.0,0.0,0.0,0.0,0.0,0.0,0.0,0.0,0.0,0.0,0.0,0.0,0.0,0.0,0.0,0.0,0.0,0.0,0.0,0.0,0.0,0.0,0.0,0.0,0.0,0.0,0.0,0.0,0.0,0.0,0.0,0.0,0.0,0.0,0.0,0.0,0.0,0.0,0.0,0.0,0.0,0.0,0.0,0.0,0.0,0.0,0.0,0.0,0.0,0.0,0.0,0.0,0.0,0.0,0.0,0.0,0.0,0.0,0.0,0.0,0.0,0.0,0.0,0.0
1.5106,1.274,0.455,0.546,0.8917999999999999,0.0,0.0,0.637,1.638,0.7462000000000001,0.273,1.2194,0.0,0.0,1.4742,0.4732000000000001,2.093,1.3832,0.9828,0.0,0.0,3.458,1.365,0.91,0.273,2.275,0.0,0.0,1.001,0.5096,0.273,1.911,9.1,0.0,0.0,3.549,3.003,1.0374,1.1284,0.546,0.0,0.0,0.728,4.55,1.8564,0.6006,2.093,0.0,0.0364,1.001,0.728,0.0,1.0192,1.6562,0.0,0.0,1.8564,0.91,0.4186,3.458,3.767399999999999,0.0,0.0,3.4216,4.3498,3.3124,0.0,3.913,0.0,0.9646,2.912,2.7482,1.82,1.4742,7.644,0.0,0.0,4.768400000000001,7.3164,2.73,1.82,0.728,0.0,4.7138,0.0,2.548,7.3164,1.001,0.91,0.0,0.0546,3.276,2.821,2.2022,1.9656,2.9484,0.0,0.455,7.116200000000001,1.001,1.8564,1.638,5.551,0.0,0.0,1.911,0.8372,0.273,0.0,0.0,0.0,0.0,0.0,0.0,2.457,2.821,1.0374,0.0,0.0,1.365,0.0,0.091,0.0,2.184,0.0,1.0374,3.221399999999999,4.3862,0.4368,1.729,1.9838,0.0,0.0546,2.711800000000001,2.73,1.274,0.637,1.0374,0.0,0.091,1.092,1.365,1.4378,0.637,1.001,0.0,0.4186,0.5824,1.183,1.183,0.4368,1.4196,0.0,0.0,1.6016,1.183,0.364,1.3104,1.82,0.0,0.0,3.094,2.366,2.8938,2.2204,6.060599999999999,0.0,0.091,1.5106,3.585399999999999,2.9848,1.547,4.0768,0.0,0.455,2.9848,0.7644,0.0,0.0,0.0,0.0,0.0,0.91,2.1112,2.8392,1.7654,1.4924,0.0,0.364,2.4752,1.2012,0.8735999999999999,0.182,1.3468,0.0,0.0,0.5096,1.183,0.546,0.4368,1.2922,0.0,0.0,2.275,1.0374,0.0,0.7644,1.911,0.0,0.0,2.438800000000001,2.002,0.091,0.455,0.6734,0.0,0.0,0.3276000000000001,2.093,0.0,0.0
3.734639999999999,2.2932,0.9009,2.44062,2.01474,0.0,0.1638,1.8837,1.0647,0.88452,0.9009,0.9009,0.0,0.2457,3.783780000000001,2.44062,2.2113,0.88452,2.50614,0.0,0.0,1.2285,1.4742,1.60524,1.3104,1.29402,0.0,0.0,3.063060000000001,1.98198,0.2457,7.502040000000001,8.23914,0.0,0.2457,6.142500000000001,3.40704,4.48812,3.06306,3.456180000000001,0.0,0.0819,3.81654,9.69696,2.27682,1.93284,3.65274,0.0,0.0,2.162160000000001,1.5561,0.0,2.702700000000001,2.129399999999999,0.0,0.3276,3.161340000000001,2.7027,0.86814,6.50286,7.02702,0.0,0.0,7.534800000000001,5.356260000000001,6.404580000000001,0.0,9.14004,0.0,1.11384,0.2457,0.0,0.6060599999999999,0.39312,4.635540000000001,0.0,0.0,6.895980000000001,8.419319999999999,4.914,2.35872,1.2285,0.0,2.83374,0.0,7.452900000000002,12.82554,1.8018,5.716620000000001,0.0,0.7371,6.61752,4.913999999999999,3.3579,4.7502,3.8493,0.0,1.53972,10.46682,5.35626,5.159700000000001,3.0303,5.52006,0.0,0.9009,8.95986,6.486479999999999,2.52252,0.819,0.0,0.0,0.0,0.0,0.0,2.24406,5.389019999999999,2.7027,0.0,0.0,5.569199999999999,0.0,3.095820000000001,0.1638,8.4357,0.0,2.0475,8.140860000000002,6.470100000000001,1.17936,2.6208,5.208839999999999,0.0,0.0,8.484839999999998,7.354620000000001,2.83374,2.063880000000001,2.17854,0.0,0.6552,5.35626,4.86486,3.931200000000001,1.8837,3.1941,0.0,0.3276,1.93284,2.7846,3.4398,0.29484,3.407040000000001,0.0,0.0,5.487300000000001,6.8796,1.60524,3.259620000000001,2.6208,0.0,0.0,4.373460000000001,4.45536,5.847660000000002,2.7027,7.764120000000004,0.0,0.0819,5.700240000000002,5.421779999999999,3.45618,3.603600000000001,8.28828,0.0,0.44226,3.86568,2.276820000000001,0.0,0.0,0.0,0.0,0.0,5.028660000000001,8.7633,6.633900000000001,8.63226,3.685500000000002,0.0,0.4914000000000001,8.37018,5.0778,4.35708,0.7371,3.8493,0.0,0.0,3.226860000000001,2.71908,3.751020000000001,3.39066,2.60442,0.0,0.1638,6.191640000000002,3.09582,1.638,4.291560000000001,4.176900000000001,0.0,0.0,8.861580000000002,3.25962,3.3579,4.357080000000001,4.504500000000001,0.0,0.0,4.013100000000001,4.29156,0.0,0.0
7.676759999999998,5.03412,3.7128,3.37428,3.822,0.0,0.273,5.85312,5.591039999999999,4.5318,1.1466,4.77204,0.0,0.2184,8.812439999999999,4.782959999999999,5.973240000000001,4.90308,3.734639999999999,0.0,0.52416,2.41332,2.70816,3.26508,3.37428,3.898439999999999,0.0,0.0,6.661200000000002,4.695600000000002,1.6926,12.26316,20.43132,0.0,0.7644000000000002,14.742,14.3598,7.250880000000001,6.344519999999998,10.94184,0.0,0.0546,5.547359999999999,15.79032,5.82036,4.11684,9.150960000000005,0.0,0.0,5.88588,4.2588,0.0,8.954400000000001,3.3852,0.0,0.7644,6.005999999999999,3.7128,3.53808,8.735999999999999,10.49412,0.0,0.2184,16.44552,15.93228,7.021559999999998,0.0,17.04612,0.0,2.5116,12.6672,8.779680000000003,8.9544,7.043399999999999,16.74036,0.0,0.273,12.5034,12.73272,12.53616,7.884240000000002,2.92656,0.0,5.143320000000001,0.0,12.558,20.90088,5.569199999999999,6.72672,0.0,1.8564,13.56264000000001,12.57984,7.338240000000002,12.56892,8.921640000000002,0.0,1.911,21.0756,12.7218,7.56756,5.42724,11.85912,0.0,0.08736,14.97132,7.709519999999999,7.152599999999999,0.546,0.0,0.0,0.0,0.0,0.0,4.6956,7.840560000000002,6.85776,0.0,0.0,6.486479999999998,0.0,4.040400000000001,0.14196,6.693959999999999,0.0,2.24952,14.82936,14.53452,4.19328,7.884239999999999,8.495759999999999,0.0,0.15288,14.27244,13.25688,5.7876,4.52088,6.72672,0.0,0.4368,11.72808,12.02292000000001,4.695599999999999,4.93584,7.294560000000001,0.0,0.14196,7.40376,5.5146,4.01856,2.44608,8.17908,0.0,0.1092,9.5004,10.18836,4.422599999999998,4.553639999999999,4.957679999999999,0.0,0.2184,8.561279999999998,10.2102,9.347520000000005,5.14332,20.43132000000001,0.0,0.3276,19.08816,12.18672,10.23204,10.46136,14.98224,0.0,2.32596,14.22876000000001,6.584759999999998,0.0,0.0,0.0,0.0,0.0,8.462999999999996,10.4832,8.288279999999999,9.609600000000002,5.55828,0.0,2.46792,15.65928000000001,7.119839999999997,8.419319999999999,1.3104,7.949760000000001,0.0,0.1092,8.517599999999996,7.141679999999998,9.75156,6.300839999999998,7.731360000000001,0.0,0.1092,19.30656,4.968599999999999,3.276,10.62516,15.39720000000001,0.0,0.0,16.19436,8.364719999999998,9.391199999999998,7.469280000000001,12.51432,0.0,0.0,10.39584,8.04804,0.0,0.0
4.684679999999999,2.28228,2.19492,1.0374,2.2932,0.0,0.0546,3.4944,4.193280000000001,2.544360000000001,0.74256,2.06388,0.0,0.273,3.14496,3.057599999999999,3.2214,1.4742,2.48976,0.0,0.0,0.7644000000000002,1.38684,1.32132,1.56156,2.446079999999999,0.0,0.0,2.6208,2.55528,0.8736,6.91236,11.80452,0.0,0.55692,8.53944,4.5318,2.315039999999999,3.45072,5.831280000000001,0.0,0.0546,3.64728,5.79852,5.132400000000001,1.24488,4.17144,0.0,0.0,1.5288,1.90008,0.0,4.45536,2.1294,0.0,0.0,5.186999999999999,1.86732,2.6754,7.36008,6.74856,0.0,0.0546,9.959040000000002,7.371000000000001,4.422599999999998,0.0,10.2648,0.0,1.43052,5.034119999999999,4.50996,5.0778,4.7502,7.81872,0.0,0.31668,6.038759999999998,5.17608,5.44908,3.505320000000001,2.0202,0.0,2.0202,0.0,3.974879999999999,8.277360000000002,2.675399999999999,5.186999999999999,0.0,1.7472,5.5146,6.366359999999999,5.427239999999999,5.98416,5.307120000000001,0.0,1.5288,11.97923999999999,7.261799999999998,4.367999999999999,4.641000000000001,7.917000000000001,0.0,0.0,7.305479999999998,5.339879999999999,3.29784,0.4368,0.0,0.0,0.0,0.0,0.0,3.548999999999999,4.258799999999999,5.394480000000001,0.0,0.0,4.127759999999999,0.0,2.6754,0.0,6.90144,0.0,0.26208,9.08544,10.74528,2.33688,4.0404,4.815720000000001,0.0,0.0,4.728359999999999,6.486479999999999,2.31504,2.4024,3.385199999999999,0.0,0.0,6.508319999999999,8.473919999999998,1.90008,4.33524,3.4944,0.0,0.0546,6.268080000000001,5.17608,4.26972,1.5834,5.2962,0.0,0.4368,7.043399999999999,5.514600000000001,3.516240000000001,3.232319999999999,3.057600000000001,0.0,0.0,5.74392,5.03412,3.99672,2.41332,12.71088,0.0,0.3276,11.0838,10.05732,8.12448,7.698599999999998,9.926280000000002,0.0,1.16844,6.650280000000001,3.221399999999999,0.0,0.0,0.0,0.0,0.0,5.187,5.907719999999999,6.704879999999998,6.464639999999998,3.72372,0.0,0.97188,8.0262,4.608239999999999,5.58012,0.8845200000000001,3.963959999999999,0.0,0.1092,5.066879999999999,3.9312,4.17144,3.26508,2.4024,0.0,0.0,9.26016,4.368,1.092,5.3508,9.161880000000002,0.0,0.0,9.54408,6.1152,5.460000000000001,3.01392,5.405399999999999,0.0,0.0,4.8594,3.013920000000001,0.0,0.0
8.517599999999998,2.32596,0.9282,0.6006,2.1294,0.0,0.0,6.704879999999998,9.9918,0.5023200000000001,0.8736,4.2042,0.0,0.1638,6.32268,2.6754,0.546,4.2042,3.4398,0.0,0.0,1.2558,2.9484,4.4226,0.1638,15.5064,0.0,0.1638,3.6582,2.60988,0.2184,8.681400000000002,12.21948,0.0,0.0546,11.06196,13.0494,1.15752,3.81108,8.463,0.0,0.0,0.7644,12.558,5.7876,0.5569200000000001,0.0,0.0,1.01556,2.08572,1.34316,0.0,4.1496,0.0,0.0,0.0,1.7472,0.0,0.0,1.5834,7.23996,0.0,0.0,3.276,2.86104,0.6552,0.0,1.8564,0.0,0.0,7.327319999999999,2.4024,7.917,1.0374,5.569199999999999,0.0,0.0,10.5924,6.8796,2.184,0.22932,1.1466,0.0,3.0576,0.0,1.4196,6.25716,2.20584,3.85476,0.0,0.0,9.828,3.603599999999999,2.33688,1.49604,3.4944,0.0,0.1092,1.5288,0.9500400000000002,0.8736000000000002,1.43052,1.4196,0.0,0.0,1.81272,0.6552,2.73,0.0,0.0,0.0,0.0,0.0,0.0,0.9828,1.95468,7.261799999999998,0.0,0.0,1.87824,0.0,1.9656,0.0,1.21212,0.0,0.77532,1.40868,1.365,1.2012,0.1092,3.12312,0.0,0.0,3.003,1.3104,0.4368,0.22932,3.96396,0.0,0.3822,0.06552,0.2184,0.24024,0.75348,0.12012,0.0,1.05924,0.8190000000000001,0.55692,0.25116,0.1638,0.0,0.0,1.3104,1.4742,0.4368,0.273,0.0,1.57248,0.0,0.0,2.6754,0.6006,2.39148,2.0748,13.79196,0.0,0.0,4.553640000000001,3.4944,1.2012,2.0748,4.78296,0.0,0.0,5.612880000000001,2.4024,0.0,0.0,0.0,0.0,0.0,2.55528,1.2558,2.1294,1.3104,1.3104,0.0,0.273,0.7098,0.96096,3.29784,0.0,2.8938,0.0,0.0,6.661200000000002,5.525519999999999,3.19956,0.17472,0.46956,0.0,0.8736,2.97024,1.08108,4.368,0.546,1.5834,0.0,0.0,1.6926,1.6926,1.8564,1.5834,8.16816,0.0,0.0,2.53344,2.6208,0.0,0.0
66.05,26.75,58.875,22.745,87.6,0.0,0.25,83.05,56.35,60.35,36.325,50.5,0.0,8.465,65.8,57.575,43.65,42.425,36.425,0.0,12.675,29.025,28.0,21.6,6.175,30.275,0.0,0.375,61.1,14.225,52.525,4.51,7.675,0.0,5.5,18.3,36.0,27.05,14.225,46.55,0.0,36.875,38.2,44.125,90.575,30.33,8.37,0.0,0.275,27.425,56.325,0.0,60.85,9.125,0.0,0.2,23.1,21.45,20.975,3.695,74.725,0.0,0.875,39.175,11.0,9.225,0.0,31.9,0.0,4.67,17.25,8.125,10.075,1.25,3.185,0.0,0.25,6.225,3.5,4.55,14.425,1.75,0.0,0.75,0.0,6.425,4.75,2.2,2.155,0.0,11.0,3.725,89.325,34.65,4.625,17.9,0.0,0.625,27.63500000000001,24.375,39.175,27.85,39.325,0.0,7.125,100.975,54.225,70.275,15.75,2.625,0.0,0.0,0.0,0.0,16.375,41.775,48.5,0.0,12.025,47.2,0.0,76.875,112.945,20.025,0.0,1.25,101.0,78.925,38.775,46.325,34.55,0.0,0.0,45.075,18.9,29.65,22.18,27.675,0.0,0.25,16.825,20.65,4.525,12.175,25.125,0.0,7.375,18.85,13.5,12.0,0.365,6.0,0.0,1.25,12.9,5.775,14.125,30.425,27.625,0.0,0.0,7.4,10.125,0.875,25.125,29.725,0.0,1.375,20.575,26.55,17.5,18.125,24.95,0.0,0.175,17.9,18.075,2.85,0.0,0.0,0.0,0.0,17.5,38.275,23.2,10.075,31.2,0.0,1.735,52.575,29.725,5.925,12.675,26.1,0.0,0.735,21.3,16.925,18.925,34.55,25.75,0.0,0.0,51.025,73.425,39.0,12.525,35.425,0.0,0.0,15.45,7.3,14.88,9.055,6.3,0.0,0.4,18.8,13.95,0.0,0.0
43.656,30.744,17.664,12.552,22.32,0.0,14.592,42.768,22.2,42.984,42.50798399999999,29.376,0.0,9.078,20.16,48.816,44.208,10.008,19.932,0.0,6.0,24.174,15.6,17.424,14.448,47.568,0.0,6.648,24.24,33.276,38.389992,7.482,12.744,0.0,5.544,14.784,19.224,22.660008,24.048,11.856,0.0,7.128,25.44,15.792,17.808,14.854008,10.512,0.0,10.68,29.376,41.90147199999999,0.0,33.247024,10.967984,0.0,1.323984,17.258,12.28,31.965984,7.86408,11.808,0.0,8.424,11.404008,32.448,9.528,0.0,27.792,0.0,2.812008,16.056,2.832,10.284,9.27,9.906,0.0,5.736,5.112,27.864,4.56,5.184,3.12,0.0,3.72,0.0,8.184,1.632,3.36,1.48112,0.0,0.892008,3.792,4.296,11.389992,3.744,5.568,0.0,2.52,19.853976,13.8,11.04,6.6,23.76,0.0,3.288,22.104,20.352,36.832008,17.832,5.256,0.0,0.0,0.0,0.0,3.96,32.016,39.304008,0.0,1.296,35.592,0.0,78.456,56.650008,15.223992,0.0,20.616,72.72,37.704,22.968,37.08,12.288,0.0,0.144,21.99,19.344,14.784,13.612008,26.232,0.0,1.584,17.448,39.384,16.296,23.208,23.304,0.0,28.8,4.92,9.672,4.782,6.986808000000001,1.128,0.0,5.380008,27.912,22.584,26.112,18.072,14.842,0.0,3.264,12.744,23.496,12.818,11.305992,70.638,0.0,21.84,25.872,18.654,12.512,15.386,22.302,0.0,29.262,11.734,10.464,4.94784,0.0,0.0,0.0,0.0,1.68,2.52,14.496,14.506008,23.568,0.0,8.856,40.219848,13.32,10.018,23.412,19.728,0.0,7.776,27.962,15.216,23.97,17.56,12.096,0.0,11.952,35.384,36.792,7.44,16.332,33.966,0.0,0.0,14.142,8.96592,21.175992,15.284,63.704,0.0,6.220008,19.372,15.402,0.0,0.0
124.416,104.28,141.391992,112.774992,85.248,0.0,7.776,233.136,160.704,177.912,104.904,152.904,0.0,10.965,171.940008,108.744,77.545008,117.624,123.528,0.0,5.496,146.236008,74.832,56.952,79.584,90.096,0.0,6.168,120.456,93.576,89.646,64.68312,75.183,0.0,23.496,118.176,60.408,50.527848,50.503992,104.664,0.0,2.664,127.272,113.227992,216.288,82.917,64.326,0.0,26.187984,148.7331599999999,241.219408,0.0,114.909072,83.199,0.0,1.715,110.612,137.749,100.768992,87.93604,91.824,0.0,3.492,81.223992,120.048,57.744,0.48,92.664,0.0,11.956008,74.352,49.968,49.944,42.24,49.55397599999999,0.0,6.751992,55.132008,52.791984,34.837992,21.601992,64.285992,0.0,20.40408,0.0,65.88,49.543992,24.816,30.30408,0.0,3.915,37.915992,85.856016,64.764984,54.816,44.926992,0.0,16.08,122.791008,53.913,123.288,81.444,101.16,0.0,18.177,157.565832,140.472,147.528,22.968,4.224,0.0,0.0,0.0,0.0,65.304,120.456,146.484,0.0,1.584,163.081992,0.0,316.512,281.86896,32.634,0.0,27.504,253.608,208.68,186.048,83.088,112.008,0.0,2.376,81.744,59.064,74.688,101.440992,119.616,0.0,1.872,81.984,97.972008,33.336,53.136,33.048,0.24,10.32,84.624,64.536,30.096,9.627096,38.904,0.0,8.738088,67.944,56.239992,48.984,53.064,75.06,0.0,16.659,81.399,66.21,37.683,30.760008,166.299,0.0,17.253,160.532,144.62512,116.143,83.66,135.37312,0.0,10.003008,154.927,82.237,31.3956,0.0,0.0,0.0,0.0,93.144,115.533,116.049,109.858992,150.888,0.0,6.53112,211.666008,98.088,104.02,67.584,99.252,0.0,6.469008,175.776,114.40608,130.971,131.556,168.223,0.0,15.84,173.017,263.879,99.6,129.312,213.414,0.0,0.0,75.298,68.037,84.109008,41.847072,57.333,0.0,2.770008,112.257,65.745,0.0,0.0
11.136,7.44,1.512,1.56,8.736,0.0,3.528,3.288,1.512,12.768,7.2,3.864,0.0,0.318,1.128,3.192,12.864,1.632,3.672,0.0,1.104,1.494,3.144,1.656,1.32,12.264,0.0,6.24,2.208,5.448,8.893992,5.02392,1.728,0.0,2.64,1.872,1.464,7.68,1.104,1.92,0.0,0.024,3.72,2.496,0.36,7.981992,3.721992,0.0,3.84,2.232,3.624,0.0,13.656,1.479984,0.0,0.123984,1.2,1.824,12.331992,1.968,0.84,0.0,11.664,1.248,4.248,2.328,0.0,13.44,0.0,1.692,2.712,0.36,1.008,0.72,4.152,0.0,2.064,2.328,10.104,0.36,0.6,1.344,0.0,0.192,0.0,3.696,0.408,0.096,2.127912,0.0,3.216,2.76,5.568,1.531992,2.544,2.064,0.0,3.408,3.111984,1.872,5.112,0.048,9.768,0.0,0.6,0.36,2.496,0.96,7.32,0.24,0.0,0.0,0.0,0.0,0.0,1.8,3.868008,0.0,6.192,1.968,0.0,20.112,1.128,5.592,0.0,2.4,3.048,2.592,7.32,14.424,0.36,0.0,1.944,1.512,4.92,3.84,1.824,1.44,0.0,1.68,1.584,1.104,0.312,6.192,2.352,0.0,5.04,3.144,5.067984,0.384,0.830808,1.656,0.0,1.704,3.12,3.768,3.312,4.056,2.712,0.0,10.896,2.472,2.04,1.752,4.390008,16.512,0.0,8.016,1.2,4.512,1.536,2.136,7.392,0.0,11.64,1.032,1.2,0.7296,0.0,0.0,0.0,0.0,0.0,0.36,2.352,6.942,1.512,0.0,3.432,0.696,0.192,2.4,3.384,2.976,0.0,3.061992,2.64,0.696,1.44,0.792,0.96,0.0,2.352,2.616,3.168,0.0,3.96,3.96,0.0,0.0,1.416,2.07192,6.312,2.016,19.824,0.0,2.016,3.36,2.016,0.0,0.0
38.568,23.976,48.096,18.261,27.096,0.0,1.944,50.4,26.376,29.664,17.976,18.84,0.0,2.7,38.050008,19.08,13.225008,15.132,20.088,0.0,1.272,32.236008,19.488,13.632,16.128,17.016,0.0,1.92,22.872,17.88,19.285992,32.76792,24.853992,0.0,3.624,22.296,15.768,17.341848,17.136,24.96,0.0,1.344,25.68,36.048,43.992,14.530992,17.949,0.0,0.219984,24.528,39.672,0.0,24.02808,6.744,0.0,0.0,27.84,19.728,19.401,24.504,44.328,0.0,1.032,38.448,33.408,23.16,0.0,31.032,0.0,7.450008,26.088,27.936,24.744,13.854,25.879008,0.0,8.983008,25.618008,23.952,20.622,8.017992,43.291992,0.0,3.84,0.0,45.192,23.232,9.72,8.638992,0.0,0.96,29.281992,27.36,41.57498399999999,24.888,22.944,0.0,11.184,41.172,17.352,46.756992,36.99,31.88184,0.0,5.049,52.659,29.304,22.176,2.928,0.72,0.0,0.0,0.0,0.0,12.36,16.872,30.280992,0.0,3.984,31.201992,0.0,51.192,41.458968,4.630008,0.0,5.784,42.144,16.752,35.784,20.832,19.2,0.0,0.312,14.064,9.432,17.592,12.238008,25.728,0.0,1.584,16.152,20.572008,10.632,17.808,6.96,0.0,0.672,18.984,18.36,4.56,3.10908,24.456,0.0,4.070088,23.736,16.992,4.992,23.808,18.432,0.0,1.56,26.232,18.744,14.016,9.553128,34.872,0.0,4.944,48.072,39.51192,37.992,31.464,49.42511999999999,0.0,5.380008,57.456,13.224,5.5992,0.0,0.0,0.0,0.0,28.56,36.504,33.504,28.981008,33.6,0.0,6.15984,38.578008,19.08,11.544,8.592,20.928,0.0,1.924008,26.64,20.28696,32.952,19.296,27.456,0.0,5.808,19.032,33.984,2.88,14.016,31.92,0.0,0.0,19.992,12.76008,16.957992,22.392,17.352,0.0,0.5380799999999999,15.072,20.448,0.0,0.0
2.4,0.36,0.264,1.2,0.0,0.0,0.0,0.672,0.144,3.6,0.48,0.0,0.0,0.025992,0.0,0.0,0.12,0.648,0.12,0.0,0.0,0.096,0.288,0.888,0.0,0.24,0.0,0.48,0.144,0.84,0.24,0.07008,0.0,0.0,0.048,0.048,0.072,0.0,0.12,0.12,0.0,0.36,2.4,0.12,0.0,0.184008,0.0,0.0,0.0,0.216,0.0,0.0,3.768,0.0,0.0,0.72,0.24,0.0,0.12,0.13992,0.072,0.0,2.352,0.072,6.432,0.864,0.0,0.288,0.0,0.024,2.208,0.504,0.168,0.0,0.265992,0.0,0.144,1.298,0.394,0.24,0.0,0.0,0.0,0.0,0.0,0.64,0.754,0.0,0.006,0.0,0.0,0.0,0.0,0.048,0.0,0.0,0.0,0.0,0.010008,0.0,0.36,0.0,0.0,0.0,0.0,0.0,0.624,0.0,0.0,0.0,0.0,0.0,0.0,0.0,0.0,0.0,0.0,0.0,0.36,0.0,0.0,5.4,0.018,0.504,0.0,0.0,0.048,0.36,0.0,1.248,0.144,0.0,0.072,0.144,1.992,0.12,0.858,0.408,0.0,0.288,0.144,0.384,0.168,0.12,0.84,0.0,0.0,0.624,0.336,0.096,0.264,0.0,0.0,0.048,3.892,0.546,1.584,0.52,0.192,0.0,0.0,0.72,0.48,0.192,0.4000079999999999,4.272,0.0,0.144,0.768,0.072,0.384,0.168,2.304,0.0,0.12,0.456,0.12,0.0,0.0,0.0,0.0,0.0,0.0,0.0,0.0,0.156,0.024,0.0,0.048,0.0,0.0,0.12,0.264,0.12,0.0,0.253992,0.024,0.0,0.264,0.312,3.6,0.0,0.168,0.096,1.92,0.0,0.0,0.336,0.0,0.0,0.384,0.288,0.103992,4.56,2.88,0.0,0.624,0.624,0.336,0.0,0.0
1.008,0.888,1.224,1.176,0.432,0.0,0.0,2.424,1.92,2.28,3.648,2.496,0.0,0.307008,0.624,2.592,1.753008,1.704,2.568,0.0,0.0,2.304,2.04,0.912,1.32,2.592,0.0,0.408,1.944,3.288,1.752,1.42992,0.552,0.0,0.0,0.936,0.432,0.528,0.12,1.08,0.0,0.36,0.48,1.464,2.928,1.294992,4.032,0.0,0.168,2.904,4.32,0.36,1.056,0.696,0.0,0.0,1.416,2.184,0.312,0.60912,2.016,0.0,0.96,4.896,2.544,1.968,0.0,2.208,0.0,1.464,1.56,0.384,0.384,0.096,2.304,0.0,0.24,3.889968000000001,2.102,0.568,0.494,0.13,0.0,0.0,0.0,0.41,0.2744,0.146,0.0069599999999999,0.0,0.0,0.096,0.021984,0.226,0.0,0.0,0.0,0.0,0.0,0.048,0.072,0.0,0.0,0.0,0.0,0.0,0.0,0.24,0.264,0.0,0.0,0.0,0.0,0.0,0.12,0.288,0.024,0.0,0.144,0.938,0.0,0.84,0.57696,0.0070079999999999,0.0,0.024,0.48,0.936,0.96,1.824,2.592,0.0,0.624,2.088,2.76,1.752,5.626008,6.792,0.0,0.24,2.808,1.344,0.768,0.84,0.24,0.0,0.072,1.056,0.888,0.528,0.492,0.705,0.0,0.024,1.344,1.551,1.78,1.701,2.616,0.0,0.096,3.096,2.688,1.752,0.376128,2.928,0.0,0.72,6.264,2.16,2.112,1.2,2.04,0.0,0.24,2.784,3.072,1.2,0.0,0.0,0.0,0.0,0.0,1.015,0.216,0.156,0.12,0.0,0.03504,1.488,0.408,0.312,0.024,3.0,0.0,0.304992,3.744,2.328,1.8,1.92,1.752,0.0,0.0,2.568,3.888,0.0,1.296,0.744,0.0,0.0,1.56,0.984,0.502992,1.354992,1.104,0.0,0.24,3.816,0.288,0.0,0.0
2.4,0.525,0.875,1.15,6.1,0.0,11.925,5.775,0.85,2.375,2.0,1.25,0.0,26.25,4.625,7.875,3.9,3.125,1.625,0.0,0.025,0.25,5.75,1.0,0.525,0.0,0.0,3.75,0.75,1.35,3.1,2.625,1.5,0.0,6.0,2.625,6.0,1.225,0.0,0.275,0.0,0.1,0.0,0.0,1.0,14.5,1.0,0.0,2.4,6.375,1.6,0.0,1.25,0.5,0.0,8.85,3.9,3.0,2.425,0.075,0.0,0.0,9.0,0.125,1.925,0.075,0.0,0.125,0.0,0.25,5.25,0.0,4.45,2.675,0.1,0.0,4.0,7.125,0.0,0.0,2.0,5.1,0.0,2.5,0.0,0.0,0.25,0.9,9.25,0.0,0.375,3.475,1.5,0.75,0.4,0.5,0.0,10.25,1.9,0.0,4.2,11.65,9.55,0.0,0.0,0.0,1.1,0.75,9.0,0.0,0.0,0.0,0.0,0.0,0.5,6.075,10.575,0.0,1.0,3.375,0.0,2.65,2.125,9.75,0.0,2.5,0.875,0.75,2.375,3.625,0.375,0.0,0.15,4.9,0.75,0.15,6.0,0.0,0.0,0.25,0.0,1.95,1.875,6.25,0.5,0.0,0.0,1.15,0.7,1.25,3.0,3.5,0.0,2.5,4.5,0.5,11.125,0.0,0.375,0.0,5.5,2.5,1.275,9.0,1.875,2.7,0.0,1.25,1.125,17.175,5.175,0.875,4.95,0.0,5.425,0.0,0.5,0.0,0.0,0.0,0.0,0.0,0.3,0.0,1.625,0.5,0.525,0.0,5.95,5.0,7.875,0.5,0.25,6.3,0.0,0.0,3.625,2.275,3.25,3.5,0.375,0.0,3.325,9.125,7.075,0.0,3.875,16.875,0.0,0.0,3.175,4.875,5.525,2.0,10.675,0.0,0.625,25.1,6.475,0.0,0.0
0.625,0.0,0.0,0.05,0.925,0.0,0.0,6.0,0.0,0.75,0.625,0.6,0.0,0.0,4.375,0.25,0.425,0.5,1.25,0.0,0.0,0.45,2.0,0.05,0.0,0.0,0.0,0.0,0.775,0.25,0.0,0.0,0.125,0.0,0.0,0.625,0.5,1.875,0.0,2.95,0.0,0.5,0.25,0.125,0.0,0.65,0.25,0.0,0.0,2.175,2.625,0.0,0.275,0.375,0.0,0.5,0.25,0.125,0.625,0.6,0.5,0.0,0.0,0.625,0.25,1.625,0.0,1.625,0.0,0.0,0.175,0.0,5.0,0.0,5.0,0.0,0.0,0.25,0.0,1.0,0.0,0.375,0.0,0.0,0.0,5.75,0.0,0.375,0.0,0.0,0.0,0.0,0.0,0.5,4.875,6.25,0.0,0.0,0.075,0.7,0.0,0.0,0.0,0.0,0.0,0.0,0.0,0.25,0.0,0.0,0.0,0.0,0.0,0.0,0.0,5.0,0.125,0.0,0.0,0.25,0.0,0.55,0.0,0.0,0.0,0.0,3.75,0.125,0.75,0.0,2.5,0.0,0.0,0.8,0.075,0.0,0.0,0.0,0.0,0.0,0.0,3.0,0.125,0.125,0.0,0.0,0.0,0.0,4.0,0.25,0.15,0.0,0.0,0.0,0.625,0.3,0.0,1.75,0.375,0.0,0.0,0.05,0.0,0.5,1.125,1.125,0.0,0.0,4.475,0.4,1.75,0.0,1.525,0.0,0.0,0.25,0.5,0.0,0.0,0.0,0.0,0.0,0.0,0.0,0.125,1.625,5.55,0.0,0.0,0.0,0.125,1.375,0.125,1.05,0.0,0.0,0.875,3.0,2.625,0.575,0.95,0.0,0.0,1.0,3.375,0.0,5.0,1.625,0.0,0.0,2.125,5.875,1.65,0.5,0.0,0.0,0.0,1.025,0.0,0.0,0.0
9.042,3.612,8.178,4.540002,8.388,0.0,0.144,9.318,6.978,6.012,3.786,6.564,0.0,0.160002,7.02,3.786,2.712,2.304,7.308,0.0,0.316998,5.544,7.26,2.19,1.818,4.89,0.0,0.306,9.24,5.214,4.5,3.60798,6.864497999999999,0.0,0.216,6.216,6.096,4.44,3.774,8.106,0.0,0.564,12.378,6.408,10.98,8.488002,8.109498,0.0,1.980996,18.96,13.602,0.0,9.807,14.928,0.0,0.018,14.646,11.808,11.61,7.64052,11.634,0.0,1.14,16.56,7.902,6.534,0.0,6.564,0.0,0.546498,6.942,4.194,4.152,2.742996,1.702002,0.0,1.614996,3.996,5.268,2.595,2.316,3.666,0.0,0.306,0.0,7.77,4.902,3.702,2.507976,0.0,0.054,4.857996,7.29,7.844495999999999,6.06,5.274,0.0,1.596,11.046498,6.96,4.986,7.569,7.488,0.0,1.098,8.238959999999999,6.936,7.758,1.326,0.024,0.0,0.0,0.0,0.0,1.152,5.286,7.343502,0.0,0.09,7.321998,0.0,15.102,12.269502,1.3215,0.0,0.66,10.89,7.914,5.862,3.846,3.222,0.0,0.198,4.968,3.9,3.522,3.483,6.018,0.0,0.162,5.568,4.116,2.004,2.67,3.606,0.0,0.84,5.142,4.56,3.39,0.701502,2.418,0.0,0.02448,8.37,6.186,2.37,3.372,4.494,0.0,0.474,4.368,2.604,3.708,3.159018,6.396,0.0,1.038,8.862,6.174,5.508,3.228,9.936,0.0,0.324,8.166,3.12,0.8112,0.0,0.0,0.0,0.0,4.248,5.166,5.706,5.953997999999999,7.338,0.0,0.441,10.05,6.726,2.184,4.23,8.202,0.0,0.492498,6.258,7.18902,4.974,4.866,4.932,0.0,0.3,7.2,4.596,2.28,3.618,3.888,0.0,0.0,2.808,2.628,4.039002,3.274002,6.522,0.0,0.498,8.442,4.800497999999999,0.0,0.0
1.08,0.5232,0.48,0.624,0.744,0.0,0.0,0.4656,0.2592,0.2304,0.504,0.144,0.0,0.0,0.3744,0.216,0.576,0.192,0.624,0.0,0.0,0.2592,0.5568,0.216,0.0384,0.552,0.0,0.0,0.288,0.336,0.432,0.6020160000000001,0.6911999999999999,0.0,0.048,0.504,0.36,0.7727999999999999,1.296,0.6384,0.0,0.024,0.528,0.2784,1.0896,1.0092,0.7632000000000002,0.0,0.048,1.0848,1.176,0.0,1.104,0.768,0.0,0.0,1.9872,0.5184,0.2928,0.648,0.9264,0.0,0.024,0.9648,0.432,0.312,0.0,0.48,0.0,0.144,0.72,0.36,0.288,0.264,0.168,0.0,0.048,0.072,1.2624,0.5472,0.24,0.288,0.0,0.0,0.0,2.0832,0.072,0.192,0.121824,0.0,0.0,0.408,0.168,0.3216000000000001,0.384,0.5712,0.0,0.0,0.422602,0.096,0.336,0.672,0.528,0.0,0.048,0.12,0.5568,0.3456000000000001,0.024,0.0,0.0,0.0,0.0,0.0,0.048,0.288,0.5616,0.0,0.0,0.4656,0.0,0.7824,0.600998,0.0,0.0,0.0,0.9408,0.192,0.24,0.144,0.264,0.0,0.024,0.24,0.048,0.24,0.336802,0.1968,0.0,0.144,0.4464,0.168,0.168,0.024,0.312,0.0,0.0,0.1488,0.0912,0.264,0.0492,0.0864,0.0,0.0,0.216,0.216,0.2016,0.504,0.24,0.0,0.096,0.3408,0.072,0.144,0.266198,0.432,0.0,0.0,0.3168,0.3264,0.408,0.2976,0.24,0.0,0.0,0.192,0.1968,0.1296,0.0,0.0,0.0,0.0,0.0528,0.216,0.7343999999999999,0.408998,0.4656,0.0,0.0,0.8976000000000001,0.288,0.2544,0.168,0.3936000000000001,0.0,0.000802,0.144,0.2592,0.4512,0.1776,0.3696000000000001,0.0,0.0,0.3504,0.3744,0.0,0.192,0.2256,0.0,0.0,0.1728,0.048,0.179002,0.2592,0.48,0.0,0.0,0.576,0.12,0.0,0.0
0.0,0.0,0.0,0.0,0.0,0.0,0.0,0.0,0.0,0.0,0.0,0.0,0.0,0.0,0.0,0.0,0.0,0.0,0.0,0.0,0.0,0.0,0.0,0.0,0.0,0.0,0.0,0.0,0.0,0.0,0.25,0.0,0.0,0.0,0.0,0.0,0.0,0.0,0.0,0.0,0.0,0.0,0.0,0.0,0.0,0.0,0.0,0.0,0.0,0.0,0.0,0.0,0.0,0.0,0.0,0.0,0.0,0.0,0.0,0.0,0.0,0.0,0.0,0.0,0.0,0.0,0.0,0.0,0.0,0.0,0.0,0.0,0.0,0.0,0.0,0.0,0.0,0.0,0.0,0.0,0.0,0.0,0.0,0.0,0.0,0.0,0.0,0.0,0.0,0.0,0.0,0.0,0.0,0.0,0.0,0.0,0.0,0.0,0.0,0.0,0.0,0.0,0.0,0.0,0.0,0.0,0.0,0.0,0.0,0.0,0.0,0.0,0.0,0.0,0.0,0.0,0.0,0.0,0.0,0.0,0.0,0.0,0.0,0.0,0.0,0.0,0.0,0.0,0.0,0.0,0.0,0.0,0.0,0.0,0.0,0.0,0.0,0.0,0.0,0.0,0.0,0.0,0.0,0.0,0.0,0.0,0.0,0.0,0.0,0.0,0.0,0.0,0.0,0.0,0.0,0.0,0.0,0.0,0.0,0.0,0.0,0.0,0.0,0.0,0.0,0.0,0.0,0.0,0.0,0.0,0.0,0.0,0.0,0.0,0.0,0.0,0.0,0.0,0.0,0.0,0.0,0.0,0.0,0.0,0.0,0.0,0.0,0.0,0.0,0.0,0.0,0.0,0.0,0.0,0.0,0.0,0.0,0.0,0.0,0.0,0.0,0.0,0.0,0.0,0.0,0.0,0.0,0.0,0.0,0.0,0.0,0.0,0.0,0.0,0.0,0.0,0.0,0.0,0.0,0.0,0.0
0.0,0.0,0.0,0.0,0.0,0.0,0.0,0.0,0.0,0.0,0.0,0.0,0.0,0.0,0.0,0.0,0.0,0.0,0.0,0.0,0.0,0.0,0.0,0.0,0.0,0.0,0.0,0.0,0.0,0.0,0.744,0.0,0.0,0.0,0.0,0.0,0.0,0.0,0.0,0.0,0.0,0.0,0.0,0.0,0.0,0.0,0.0,0.0,0.0,0.0,0.0,0.0,0.0,0.0,0.0,0.0,0.0,0.0,0.0,0.0,0.0,0.0,0.0,0.0,0.0,0.0,0.0,0.0,0.0,0.0,0.0,0.0,0.0,0.0,0.0,0.0,0.0,0.0,0.0,0.0,0.0,0.0,0.0,0.0,0.0,0.0,0.0,0.0,0.0,0.0,0.0,0.0,0.0,0.0,0.0,0.0,0.0,0.0,0.0,0.0,0.0,0.0,0.0,0.0,0.0,0.0,0.0,0.0,0.0,0.0,0.0,0.0,0.0,0.0,0.0,0.0,0.0,0.0,0.0,0.0,0.0,0.0,0.0,0.0,0.0,0.0,0.0,0.0,0.0,0.0,0.0,0.0,0.0,0.0,0.0,0.0,0.0,0.0,0.0,0.0,0.0,0.0,0.0,0.0,0.0,0.0,0.0,0.0,0.0,0.0,0.0,0.0,0.0,0.0,0.0,0.0,0.0,0.0,0.0,0.0,0.0,0.0,0.0,0.0,0.0,0.0,0.0,0.0,0.0,0.0,0.0,0.0,0.0,0.0,0.0,0.0,0.0,0.0,0.0,0.0,0.0,0.0,0.0,0.0,0.0,0.0,0.0,0.0,0.0,0.0,0.0,0.0,0.0,0.0,0.0,0.0,0.0,0.0,0.0,0.0,0.0,0.0,0.0,0.0,0.0,0.0,0.0,0.0,0.0,0.0,0.0,0.0,0.0,0.0,0.0,0.0,0.0,0.0,0.0,0.0,0.0
0.0,0.0,0.0,0.0,0.0,0.0,0.0,0.0,0.0,0.0,0.0,0.0,0.0,0.0,0.0,0.0,0.0,0.0,0.0,0.0,0.0,0.0,0.0,0.0,0.0,0.0,0.0,0.0,0.0,0.24,0.0,0.0,0.0,0.0,0.0,0.0,0.0,0.0,0.0,0.0,0.0,0.0,0.0,0.0,0.0,0.0,0.0,0.0,0.0,0.0,0.0,0.0,0.0,0.0,0.0,0.0,0.0,0.0,0.0,0.0,0.0,0.0,0.0,0.0,0.0,0.0,0.0,0.0,0.0,0.0,0.0,0.0,0.0,0.0,0.0,0.0,0.0,0.0,0.0,0.0,0.0,0.0,0.0,0.0,0.0,0.0,0.0,0.0,0.0,0.0,0.0,0.0,0.0,0.0,0.0,0.0,0.0,0.0,0.0,0.0,0.0,0.0,0.0,0.0,0.0,0.0,0.0,0.0,0.0,0.0,0.0,0.0,0.0,0.0,0.0,0.0,0.0,0.0,0.0,0.0,0.0,0.0,0.0,0.0,0.0,0.0,0.0,0.0,0.0,0.0,0.0,0.0,0.0,0.0,0.0,0.0,0.0,0.0,0.0,0.0,0.0,0.0,0.0,0.0,0.0,0.0,0.0,0.0,0.0,0.0,0.0,0.0,0.0,0.0,0.0,0.0,0.0,0.0,0.0,0.0,0.0,0.0,0.0,0.0,0.0,0.0,0.0,0.0,0.0,0.0,0.0,0.0,0.0,0.0,0.0,0.0,0.0,0.0,0.0,0.0,0.0,0.0,0.0,0.0,0.0,0.0,0.0,0.0,0.0,0.0,0.0,0.0,0.0,0.0,0.0,0.0,0.0,0.0,0.0,0.0,0.0,0.0,0.0,0.0,0.0,0.0,0.0,0.0,0.0,0.0,0.0,0.0,0.0,0.0,0.0,0.0,0.0,0.0,0.0,0.0,0.0
0.0,0.0,0.0,0.0,0.0,0.0,0.0,0.0,0.0,0.0,0.0,0.0,0.0,0.0,2.4,0.0,0.0,0.0,0.0,0.0,0.0,0.0,0.0,0.0,0.0,0.0,0.0,0.0,0.0,0.0,0.0,0.0,0.0,0.0,0.0,0.0,0.0,0.0,0.0,0.0,0.0,0.0,0.0,0.0,0.0,0.0,0.0,0.0,0.0,0.0,0.0,0.0,0.0,0.0,0.0,0.0,0.0,0.0,0.0,0.0,0.0,0.0,0.0,0.0,0.0,0.0,0.0,0.0,0.0,0.0,0.0,0.0,0.0,0.0,0.0,0.0,0.0,0.36,0.0,0.0,0.0,0.0,0.0,0.0,0.0,0.0,0.0,0.0,0.0,0.0,0.0,0.0,0.0,0.0,0.0,0.0,0.0,0.0,0.0,0.0,0.0,0.0,0.0,0.0,0.0,0.0,0.0,0.0,0.0,0.0,0.0,0.0,0.0,0.0,0.0,0.0,0.0,0.0,0.0,0.0,0.0,0.0,0.0,0.0,0.0,0.0,0.0,0.0,0.0,0.0,0.0,0.0,0.0,0.0,0.0,0.0,0.0,0.0,0.0,0.0,0.0,0.0,0.0,0.0,0.0,0.0,0.0,0.0,0.0,0.0,0.0,0.0,0.0,0.0,0.0,0.0,0.0,0.0,0.0,0.0,0.0,0.0,0.0,0.0,0.0,0.0,0.0,0.0,0.0,0.0,0.0,0.0,0.0,0.0,0.0,0.0,0.0,0.0,0.0,0.0,0.0,0.0,0.0,0.0,0.0,0.0,0.0,0.0,0.0,0.0,0.0,0.0,0.0,0.0,0.0,0.0,0.0,0.0,0.0,0.0,0.0,0.0,0.0,0.0,0.0,0.0,0.6,10.56,0.0,0.0,0.0,0.0,0.0,0.0,0.0,0.0,0.0,0.0,0.24,0.0,0.0
0.0,0.0,0.288,0.6,0.0,0.0,0.0,0.0,0.0,0.0,0.0,0.0,0.0,0.0,0.0,0.0,0.0,0.12,0.6,0.0,0.0,1.2,0.24,0.0,0.0,0.0,0.0,0.0,1.392,0.0,0.0,1.2,0.0,0.0,0.0,0.024,0.0,0.0,0.0,0.0,0.0,0.0,0.72,0.0,1.2,0.0,0.0,0.0,0.0,0.0,0.24,0.0,0.0,0.0,0.0,0.0,0.0,0.0,0.0,0.0,0.0,0.0,0.0,0.6,0.0,0.0,0.0,0.0,0.0,0.0,0.0,1.68,0.0,0.0,0.0,0.0,0.0,0.0,0.0,0.0,0.0,0.0,0.0,0.0,0.0,0.0,0.0,0.0,0.0,0.0,0.0,0.48,0.0,0.0,0.0,0.0,0.0,0.0,0.0,0.0,0.0,0.0,0.0,0.0,0.0,0.24,0.0,0.0,0.0,0.0,0.0,0.0,0.0,0.0,0.0,0.0,0.0,0.0,0.0,0.0,0.0,1.152,0.0,0.0,0.0,0.0,0.0,0.0,0.0,0.0,0.0,0.0,0.0,0.0,0.0,0.0,0.0,0.0,0.0,0.0,0.0,0.0,0.0,0.0,0.0,0.0,0.0,0.0,3.6,0.0,0.0,0.0,0.0,0.0,0.0,0.0,0.0,0.0,0.0,0.0,0.0,0.48,0.0,0.0,0.0,0.0,0.0,0.0,0.0,0.408,0.0,0.048,0.24,0.0,0.0,0.72,0.0,0.0,0.0,0.0,0.0,0.0,0.0,0.0,0.0,0.36,0.0,0.0,0.0,0.24,0.0,0.0,0.0,0.0,0.0,0.0,0.0,0.24,0.0,1.44,0.0,0.0,0.0,0.0,0.12,0.0,0.0,0.0,0.0,0.0,0.0,0.0,1.2,0.0,0.24,0.0,0.0,0.0,0.0,0.0,0.0
0.0,0.0,0.0,0.0,0.0,0.0,0.0,0.0,0.0,0.0,0.0,0.0,0.0,0.0,0.0,0.0,0.0,0.0,0.0,0.0,0.0,0.0,0.0,0.0,0.0,0.0,0.0,0.0,0.0,0.0,0.0,0.0,0.0,0.0,0.0,0.0,0.0,0.0,0.0,0.0,0.0,0.0,0.0,0.0,0.03,0.0,0.0,0.0,0.0,0.0,0.0,0.0,0.0,0.0,0.0,0.0,0.0,0.0,0.3,0.0,0.0,0.0,0.0,0.0,0.0,0.0,0.0,0.0,0.0,0.0,0.0,0.0,0.0,0.0,0.0,0.0,0.0,0.0,0.0,0.0,0.0,0.0,0.0,0.0,0.0,0.0,0.0,0.0,0.0,0.0,0.0,0.0,0.0,0.0,0.0,0.0,0.0,0.0,0.0,0.0,0.0,0.0,0.0,0.0,0.0,0.0,0.0,0.0,0.0,0.0,0.0,0.0,0.0,0.0,0.0,0.0,0.0,0.0,0.0,0.0,0.0,0.0,0.0,0.0,0.0,0.0,0.36,0.0,0.0,0.0,0.0,0.0,0.0,0.0,0.0,0.0,0.0,0.0,0.0,0.0,0.0,0.0,0.0,0.0,0.0,0.0,0.0,0.0,0.0,0.0,0.0,0.0,0.0,0.0,0.0,0.0,0.0,0.0,0.0,0.0,0.0,0.0,0.0,0.0,0.0,0.0,0.0,0.0,0.0,0.0,0.0,0.0,0.0,0.0,0.0,0.0,0.0,0.0,0.0,0.0,0.0,0.0,0.0,0.0,0.0,0.0,0.0,0.0,0.0,0.0,0.0,0.0,0.0,0.0,0.0,0.0,0.0,0.0,0.0,0.0,0.0,0.0,0.0,0.0,0.0,0.0,0.0,0.0,0.0,0.0,0.0,0.0,0.0,0.0,0.0,0.0,0.0,0.0,0.0,0.0,0.0
0.0,0.0,0.0,0.0,0.0,0.0,0.0,0.0,0.0,0.0,0.0,0.0,0.0,0.0,0.0,0.0,0.0,0.0,0.0,0.0,0.0,0.0,0.0,0.0,0.0,0.0,0.0,0.0,0.0,0.0,0.0,0.0,0.0,0.0,0.0,0.0,0.0,0.0,0.0,0.0,0.0,0.0,0.0,0.0,0.024,0.0,0.0,0.0,0.0,0.0,0.0,0.0,0.0,0.0,0.0,0.0,0.0,0.0,0.0,0.0,0.0,0.0,0.0,0.0,0.0,0.0,0.0,0.0,0.0,0.0,0.0,0.0,0.0,0.0,0.0,0.0,0.0,0.0,0.0,0.0,0.0,0.0,0.0,0.0,0.0,0.0,0.0,0.0,0.0,0.0,0.0,0.0,0.0,0.0,0.0,0.0,0.0,0.0,0.0,0.0,0.0,0.0,0.0,0.0,0.0,0.0,0.0,0.0,0.0,0.0,0.0,0.0,0.0,0.0,0.0,0.0,0.0,0.0,0.0,0.0,0.0,0.0,0.0,0.0,0.0,0.0,0.0,0.0,0.0,0.0,0.0,0.0,0.0,0.0,0.0,0.0,0.0,0.0,0.0,0.0,0.0,0.0,0.0,0.0,0.0,0.0,0.0,0.0,0.0,0.0,0.0,0.0,0.0,0.0,0.0,0.0,0.0,0.0,0.0,0.0,0.0,0.0,0.0,0.0,0.0,0.0,0.0,0.0,0.0,0.0,0.0,0.0,0.0,0.0,0.0,0.0,0.0,0.0,0.0,0.0,0.0,0.0,0.0,0.0,0.0,0.0,0.0,0.0,0.0,0.0,0.0,0.0,0.0,0.0,0.0,0.0,0.0,0.0,0.0,0.0,0.0,0.0,0.0,0.0,0.0,0.0,0.0,0.0,0.0,0.0,0.0,0.0,0.0,0.0,0.0,0.0,0.0,0.0,0.0,0.0,0.0
